0,5-8,1,88,88
0,5-8,2,88,88
0,5-8,3,149,149
0,5-8,4,149,149
0,5-8,5,149,149
0,5-8,6,149,231
0,5-8,7,149,231
0,5-8,8,149,231
0,5-8,9,149,331
0,5-8,10,149,342
0,5-8,11,149,342
0,5-8,12,149,342
0,5-8,13,149,342
0,5-8,14,149,377
0,5-8,15,149,377
0,5-8,16,240,468
0,5-8,17,240,513
0,5-8,18,240,513
0,5-8,19,240,613
0,5-8,20,240,613
0,5-8,21,240,613
0,5-8,22,240,679
0,5-8,23,240,773
0,5-8,24,240,791
0,5-8,25,240,849

1,7-8,1,88,88
1,7-8,2,88,88
1,7-8,3,88,88
1,7-8,4,88,88
1,7-8,5,88,88
1,7-8,6,88,88
1,7-8,7,88,88
1,7-8,8,88,88
1,7-8,9,88,88
1,7-8,10,88,99
1,7-8,11,181,192
1,7-8,12,181,192
1,7-8,13,181,289
1,7-8,14,181,289
1,7-8,15,181,385
1,7-8,16,181,476
1,7-8,17,181,521
1,7-8,18,181,521
1,7-8,19,181,521
1,7-8,20,181,557
1,7-8,21,181,643
1,7-8,22,181,643
1,7-8,23,181,737
1,7-8,24,181,737
1,7-8,25,181,737

2,2-15,1,88,176
2,2-15,2,88,176
2,2-15,3,88,176
2,2-15,4,88,176
2,2-15,5,88,176
2,2-15,6,88,176
2,2-15,7,88,248
2,2-15,8,88,248
2,2-15,9,88,248
2,2-15,10,88,248
2,2-15,11,88,248
2,2-15,12,88,325
2,2-15,13,88,422
2,2-15,14,88,422
2,2-15,15,88,422
2,2-15,16,88,513
2,2-15,17,88,558
2,2-15,18,88,558
2,2-15,19,88,658
2,2-15,20,88,658
2,2-15,21,88,658
2,2-15,22,88,658
2,2-15,23,88,658
2,2-15,24,88,658
2,2-15,25,146,716

3,5-19,1,88,88
3,5-19,2,88,88
3,5-19,3,88,149
3,5-19,4,88,149
3,5-19,5,88,149
3,5-19,6,88,149
3,5-19,7,88,149
3,5-19,8,88,149
3,5-19,9,188,249
3,5-19,10,188,249
3,5-19,11,188,249
3,5-19,12,188,249
3,5-19,13,188,249
3,5-19,14,188,284
3,5-19,15,188,380
3,5-19,16,188,380
3,5-19,17,188,380
3,5-19,18,188,380
3,5-19,19,188,480
3,5-19,20,188,480
3,5-19,21,188,480
3,5-19,22,188,546
3,5-19,23,188,640
3,5-19,24,188,640
3,5-19,25,188,698

4,2-6,1,88,88
4,2-6,2,88,88
4,2-6,3,88,88
4,2-6,4,88,88
4,2-6,5,88,88
4,2-6,6,88,170
4,2-6,7,88,170
4,2-6,8,152,234
4,2-6,9,152,334
4,2-6,10,152,334
4,2-6,11,152,334
4,2-6,12,152,334
4,2-6,13,152,431
4,2-6,14,152,431
4,2-6,15,152,431
4,2-6,16,152,431
4,2-6,17,152,431
4,2-6,18,152,431
4,2-6,19,152,531
4,2-6,20,188,567
4,2-6,21,188,567
4,2-6,22,188,633
4,2-6,23,188,633
4,2-6,24,188,633
4,2-6,25,188,691

5,3-16,1,88,88
5,3-16,2,88,88
5,3-16,3,88,88
5,3-16,4,88,88
5,3-16,5,88,88
5,3-16,6,88,170
5,3-16,7,88,170
5,3-16,8,88,234
5,3-16,9,88,234
5,3-16,10,88,234
5,3-16,11,88,327
5,3-16,12,165,404
5,3-16,13,165,404
5,3-16,14,165,404
5,3-16,15,165,500
5,3-16,16,165,500
5,3-16,17,165,500
5,3-16,18,165,500
5,3-16,19,165,500
5,3-16,20,165,500
5,3-16,21,165,586
5,3-16,22,165,652
5,3-16,23,165,652
5,3-16,24,165,670
5,3-16,25,165,670

6,7-14,1,176,176
6,7-14,2,176,176
6,7-14,3,176,176
6,7-14,4,176,176
6,7-14,5,176,176
6,7-14,6,176,176
6,7-14,7,176,248
6,7-14,8,176,312
6,7-14,9,176,312
6,7-14,10,176,312
6,7-14,11,176,312
6,7-14,12,176,312
6,7-14,13,176,312
6,7-14,14,176,347
6,7-14,15,272,443
6,7-14,16,272,443
6,7-14,17,272,488
6,7-14,18,272,488
6,7-14,19,272,488
6,7-14,20,272,488
6,7-14,21,272,488
6,7-14,22,272,554
6,7-14,23,272,648
6,7-14,24,272,648
6,7-14,25,272,648

7,15-16,1,88,88
7,15-16,2,88,88
7,15-16,3,88,88
7,15-16,4,88,88
7,15-16,5,88,88
7,15-16,6,88,88
7,15-16,7,88,160
7,15-16,8,88,224
7,15-16,9,88,224
7,15-16,10,88,224
7,15-16,11,88,224
7,15-16,12,88,224
7,15-16,13,88,224
7,15-16,14,88,224
7,15-16,15,184,320
7,15-16,16,184,411
7,15-16,17,184,411
7,15-16,18,184,411
7,15-16,19,184,411
7,15-16,20,184,411
7,15-16,21,184,411
7,15-16,22,184,477
7,15-16,23,278,571
7,15-16,24,278,571
7,15-16,25,278,629

8,3-14,1,88,176
8,3-14,2,88,176
8,3-14,3,88,176
8,3-14,4,88,176
8,3-14,5,88,204
8,3-14,6,88,204
8,3-14,7,88,204
8,3-14,8,88,204
8,3-14,9,188,304
8,3-14,10,188,304
8,3-14,11,188,304
8,3-14,12,188,381
8,3-14,13,188,381
8,3-14,14,188,416
8,3-14,15,188,416
8,3-14,16,188,416
8,3-14,17,188,416
8,3-14,18,188,430
8,3-14,19,188,530
8,3-14,20,188,530
8,3-14,21,188,530
8,3-14,22,188,530
8,3-14,23,188,624
8,3-14,24,188,624
8,3-14,25,188,624

9,1-18,1,88,88
9,1-18,2,88,88
9,1-18,3,88,88
9,1-18,4,88,88
9,1-18,5,88,88
9,1-18,6,88,88
9,1-18,7,88,88
9,1-18,8,88,152
9,1-18,9,88,152
9,1-18,10,88,152
9,1-18,11,88,152
9,1-18,12,88,229
9,1-18,13,185,326
9,1-18,14,185,326
9,1-18,15,185,326
9,1-18,16,185,417
9,1-18,17,185,417
9,1-18,18,185,417
9,1-18,19,185,517
9,1-18,20,185,517
9,1-18,21,185,517
9,1-18,22,185,517
9,1-18,23,279,611
9,1-18,24,279,611
9,1-18,25,279,611

10,10-12,1,88,88
10,10-12,2,88,88
10,10-12,3,88,88
10,10-12,4,88,88
10,10-12,5,88,88
10,10-12,6,88,88
10,10-12,7,88,88
10,10-12,8,88,88
10,10-12,9,188,188
10,10-12,10,188,188
10,10-12,11,281,281
10,10-12,12,281,281
10,10-12,13,281,378
10,10-12,14,281,378
10,10-12,15,281,378
10,10-12,16,281,378
10,10-12,17,281,378
10,10-12,18,281,378
10,10-12,19,281,478
10,10-12,20,317,514
10,10-12,21,317,514
10,10-12,22,317,514
10,10-12,23,317,608
10,10-12,24,317,608
10,10-12,25,317,608

11,5-11,1,88,88
11,5-11,2,88,88
11,5-11,3,88,88
11,5-11,4,88,158
11,5-11,5,88,158
11,5-11,6,88,158
11,5-11,7,160,230
11,5-11,8,160,230
11,5-11,9,160,230
11,5-11,10,160,230
11,5-11,11,160,230
11,5-11,12,160,307
11,5-11,13,160,307
11,5-11,14,160,307
11,5-11,15,160,307
11,5-11,16,160,307
11,5-11,17,160,307
11,5-11,18,160,307
11,5-11,19,160,407
11,5-11,20,160,443
11,5-11,21,160,443
11,5-11,22,160,509
11,5-11,23,160,603
11,5-11,24,160,603
11,5-11,25,160,603

12,2-11,1,88,88
12,2-11,2,102,102
12,2-11,3,102,102
12,2-11,4,102,102
12,2-11,5,102,102
12,2-11,6,102,102
12,2-11,7,102,102
12,2-11,8,102,102
12,2-11,9,102,202
12,2-11,10,102,202
12,2-11,11,102,295
12,2-11,12,102,295
12,2-11,13,102,295
12,2-11,14,102,295
12,2-11,15,102,391
12,2-11,16,102,391
12,2-11,17,102,391
12,2-11,18,102,391
12,2-11,19,102,391
12,2-11,20,102,391
12,2-11,21,102,477
12,2-11,22,168,543
12,2-11,23,168,543
12,2-11,24,168,543
12,2-11,25,168,601

13,6-10,1,88,88
13,6-10,2,88,88
13,6-10,3,88,88
13,6-10,4,88,88
13,6-10,5,88,88
13,6-10,6,170,170
13,6-10,7,170,170
13,6-10,8,170,170
13,6-10,9,170,170
13,6-10,10,170,170
13,6-10,11,170,170
13,6-10,12,170,170
13,6-10,13,170,267
13,6-10,14,170,267
13,6-10,15,170,267
13,6-10,16,170,267
13,6-10,17,170,312
13,6-10,18,170,312
13,6-10,19,270,412
13,6-10,20,270,448
13,6-10,21,270,448
13,6-10,22,270,448
13,6-10,23,364,542
13,6-10,24,364,542
13,6-10,25,364,600

14,9-12,1,88,176
14,9-12,2,88,190
14,9-12,3,88,251
14,9-12,4,88,251
14,9-12,5,88,251
14,9-12,6,170,333
14,9-12,7,170,405
14,9-12,8,170,405
14,9-12,9,170,405
14,9-12,10,170,416
14,9-12,11,170,416
14,9-12,12,170,416
14,9-12,13,170,416
14,9-12,14,170,416
14,9-12,15,170,416
14,9-12,16,170,416
14,9-12,17,170,416
14,9-12,18,170,416
14,9-12,19,170,416
14,9-12,20,170,416
14,9-12,21,256,502
14,9-12,22,256,502
14,9-12,23,350,596
14,9-12,24,350,596
14,9-12,25,350,596

15,6-15,1,88,176
15,6-15,2,88,176
15,6-15,3,88,176
15,6-15,4,88,176
15,6-15,5,88,176
15,6-15,6,88,176
15,6-15,7,88,176
15,6-15,8,88,240
15,6-15,9,188,340
15,6-15,10,188,351
15,6-15,11,188,351
15,6-15,12,188,351
15,6-15,13,188,351
15,6-15,14,188,351
15,6-15,15,188,447
15,6-15,16,188,447
15,6-15,17,188,492
15,6-15,18,188,506
15,6-15,19,188,506
15,6-15,20,188,506
15,6-15,21,188,592
15,6-15,22,188,592
15,6-15,23,188,592
15,6-15,24,188,592
15,6-15,25,188,592

16,11-16,1,88,88
16,11-16,2,88,88
16,11-16,3,88,88
16,11-16,4,88,158
16,11-16,5,88,158
16,11-16,6,88,158
16,11-16,7,88,158
16,11-16,8,88,158
16,11-16,9,188,258
16,11-16,10,188,258
16,11-16,11,188,258
16,11-16,12,188,335
16,11-16,13,188,335
16,11-16,14,188,335
16,11-16,15,188,335
16,11-16,16,188,335
16,11-16,17,188,380
16,11-16,18,188,394
16,11-16,19,188,394
16,11-16,20,188,394
16,11-16,21,188,480
16,11-16,22,188,480
16,11-16,23,188,574
16,11-16,24,188,574
16,11-16,25,188,574

17,9-13,1,88,88
17,9-13,2,88,88
17,9-13,3,88,88
17,9-13,4,88,88
17,9-13,5,88,88
17,9-13,6,88,88
17,9-13,7,88,160
17,9-13,8,88,160
17,9-13,9,88,260
17,9-13,10,88,271
17,9-13,11,88,271
17,9-13,12,165,348
17,9-13,13,165,445
17,9-13,14,165,445
17,9-13,15,165,445
17,9-13,16,256,536
17,9-13,17,256,536
17,9-13,18,256,536
17,9-13,19,256,536
17,9-13,20,292,572
17,9-13,21,292,572
17,9-13,22,292,572
17,9-13,23,292,572
17,9-13,24,292,572
17,9-13,25,292,572

18,4-10,1,88,88
18,4-10,2,88,88
18,4-10,3,88,88
18,4-10,4,88,88
18,4-10,5,88,116
18,4-10,6,88,116
18,4-10,7,88,116
18,4-10,8,88,116
18,4-10,9,88,116
18,4-10,10,88,116
18,4-10,11,88,209
18,4-10,12,88,209
18,4-10,13,185,306
18,4-10,14,185,306
18,4-10,15,185,306
18,4-10,16,185,306
18,4-10,17,185,306
18,4-10,18,185,306
18,4-10,19,185,406
18,4-10,20,185,406
18,4-10,21,185,406
18,4-10,22,185,472
18,4-10,23,185,566
18,4-10,24,185,566
18,4-10,25,185,566

19,6-14,1,88,176
19,6-14,2,88,176
19,6-14,3,88,176
19,6-14,4,158,246
19,6-14,5,158,246
19,6-14,6,158,328
19,6-14,7,158,328
19,6-14,8,158,328
19,6-14,9,158,428
19,6-14,10,158,428
19,6-14,11,158,428
19,6-14,12,158,428
19,6-14,13,158,428
19,6-14,14,158,428
19,6-14,15,158,428
19,6-14,16,249,519
19,6-14,17,249,564
19,6-14,18,249,564
19,6-14,19,249,564
19,6-14,20,249,564
19,6-14,21,249,564
19,6-14,22,249,564
19,6-14,23,249,564
19,6-14,24,249,564
19,6-14,25,249,564

20,4-9,1,88,88
20,4-9,2,88,88
20,4-9,3,149,149
20,4-9,4,149,149
20,4-9,5,149,149
20,4-9,6,149,149
20,4-9,7,149,149
20,4-9,8,149,213
20,4-9,9,149,313
20,4-9,10,149,313
20,4-9,11,149,406
20,4-9,12,149,406
20,4-9,13,149,406
20,4-9,14,149,406
20,4-9,15,149,406
20,4-9,16,149,406
20,4-9,17,194,451
20,4-9,18,194,451
20,4-9,19,194,451
20,4-9,20,194,451
20,4-9,21,194,451
20,4-9,22,194,451
20,4-9,23,194,545
20,4-9,24,212,563
20,4-9,25,212,563

21,5-16,1,88,88
21,5-16,2,88,88
21,5-16,3,88,88
21,5-16,4,88,158
21,5-16,5,88,158
21,5-16,6,88,240
21,5-16,7,88,240
21,5-16,8,88,304
21,5-16,9,88,304
21,5-16,10,88,304
21,5-16,11,88,304
21,5-16,12,88,304
21,5-16,13,88,304
21,5-16,14,88,304
21,5-16,15,88,400
21,5-16,16,88,400
21,5-16,17,88,400
21,5-16,18,88,400
21,5-16,19,188,500
21,5-16,20,188,500
21,5-16,21,188,500
21,5-16,22,188,500
21,5-16,23,188,500
21,5-16,24,188,500
21,5-16,25,246,558

22,8-13,1,88,88
22,8-13,2,88,102
22,8-13,3,88,102
22,8-13,4,88,172
22,8-13,5,88,172
22,8-13,6,88,172
22,8-13,7,88,172
22,8-13,8,88,172
22,8-13,9,88,172
22,8-13,10,88,183
22,8-13,11,88,183
22,8-13,12,88,183
22,8-13,13,88,183
22,8-13,14,88,183
22,8-13,15,88,279
22,8-13,16,88,370
22,8-13,17,88,370
22,8-13,18,88,370
22,8-13,19,188,470
22,8-13,20,188,470
22,8-13,21,188,556
22,8-13,22,188,556
22,8-13,23,188,556
22,8-13,24,188,556
22,8-13,25,188,556

23,14-17,1,88,88
23,14-17,2,88,88
23,14-17,3,88,88
23,14-17,4,88,88
23,14-17,5,88,88
23,14-17,6,88,88
23,14-17,7,88,160
23,14-17,8,152,224
23,14-17,9,152,224
23,14-17,10,152,224
23,14-17,11,152,224
23,14-17,12,152,224
23,14-17,13,152,321
23,14-17,14,152,321
23,14-17,15,152,321
23,14-17,16,152,321
23,14-17,17,197,366
23,14-17,18,197,366
23,14-17,19,197,366
23,14-17,20,197,402
23,14-17,21,197,488
23,14-17,22,197,554
23,14-17,23,197,554
23,14-17,24,197,554
23,14-17,25,197,554

24,3-17,1,88,176
24,3-17,2,88,176
24,3-17,3,88,176
24,3-17,4,88,176
24,3-17,5,88,176
24,3-17,6,170,258
24,3-17,7,170,258
24,3-17,8,170,258
24,3-17,9,170,258
24,3-17,10,170,269
24,3-17,11,170,269
24,3-17,12,170,269
24,3-17,13,170,366
24,3-17,14,170,366
24,3-17,15,170,366
24,3-17,16,170,366
24,3-17,17,170,366
24,3-17,18,170,380
24,3-17,19,170,380
24,3-17,20,170,380
24,3-17,21,170,466
24,3-17,22,170,532
24,3-17,23,170,532
24,3-17,24,170,550
24,3-17,25,170,550

25,1-19,1,88,88
25,1-19,2,88,88
25,1-19,3,88,88
25,1-19,4,88,88
25,1-19,5,88,88
25,1-19,6,170,170
25,1-19,7,170,242
25,1-19,8,170,306
25,1-19,9,170,306
25,1-19,10,170,306
25,1-19,11,170,306
25,1-19,12,170,383
25,1-19,13,170,480
25,1-19,14,170,480
25,1-19,15,170,480
25,1-19,16,170,480
25,1-19,17,170,480
25,1-19,18,170,480
25,1-19,19,170,480
25,1-19,20,170,480
25,1-19,21,170,480
25,1-19,22,170,546
25,1-19,23,170,546
25,1-19,24,170,546
25,1-19,25,170,546

26,5-17,1,88,88
26,5-17,2,88,88
26,5-17,3,88,88
26,5-17,4,88,158
26,5-17,5,88,158
26,5-17,6,88,158
26,5-17,7,88,158
26,5-17,8,88,158
26,5-17,9,88,158
26,5-17,10,88,158
26,5-17,11,88,158
26,5-17,12,88,235
26,5-17,13,88,235
26,5-17,14,88,235
26,5-17,15,184,331
26,5-17,16,184,331
26,5-17,17,184,331
26,5-17,18,184,331
26,5-17,19,184,431
26,5-17,20,184,467
26,5-17,21,184,467
26,5-17,22,184,467
26,5-17,23,184,467
26,5-17,24,202,485
26,5-17,25,202,543

27,8-18,1,88,88
27,8-18,2,88,88
27,8-18,3,88,88
27,8-18,4,88,88
27,8-18,5,116,116
27,8-18,6,116,116
27,8-18,7,116,188
27,8-18,8,116,252
27,8-18,9,216,352
27,8-18,10,216,352
27,8-18,11,216,352
27,8-18,12,216,352
27,8-18,13,216,449
27,8-18,14,216,449
27,8-18,15,216,449
27,8-18,16,216,449
27,8-18,17,216,449
27,8-18,18,216,449
27,8-18,19,216,449
27,8-18,20,216,485
27,8-18,21,216,485
27,8-18,22,216,485
27,8-18,23,216,485
27,8-18,24,216,485
27,8-18,25,216,543

28,0-3,1,176,176
28,0-3,2,176,190
28,0-3,3,176,190
28,0-3,4,176,190
28,0-3,5,176,190
28,0-3,6,176,190
28,0-3,7,176,262
28,0-3,8,176,326
28,0-3,9,176,326
28,0-3,10,176,326
28,0-3,11,176,419
28,0-3,12,176,419
28,0-3,13,176,419
28,0-3,14,176,454
28,0-3,15,176,454
28,0-3,16,176,454
28,0-3,17,176,454
28,0-3,18,176,454
28,0-3,19,176,454
28,0-3,20,176,454
28,0-3,21,176,454
28,0-3,22,176,520
28,0-3,23,176,520
28,0-3,24,176,538
28,0-3,25,176,538

29,5-15,1,88,176
29,5-15,2,88,176
29,5-15,3,88,176
29,5-15,4,88,176
29,5-15,5,88,176
29,5-15,6,170,258
29,5-15,7,170,258
29,5-15,8,170,258
29,5-15,9,170,258
29,5-15,10,170,269
29,5-15,11,263,362
29,5-15,12,263,362
29,5-15,13,263,362
29,5-15,14,263,397
29,5-15,15,263,397
29,5-15,16,263,397
29,5-15,17,263,442
29,5-15,18,263,442
29,5-15,19,263,442
29,5-15,20,263,442
29,5-15,21,263,442
29,5-15,22,263,442
29,5-15,23,263,536
29,5-15,24,263,536
29,5-15,25,263,536

30,10-17,1,88,88
30,10-17,2,88,88
30,10-17,3,88,88
30,10-17,4,158,158
30,10-17,5,158,186
30,10-17,6,158,186
30,10-17,7,158,186
30,10-17,8,158,186
30,10-17,9,158,186
30,10-17,10,158,186
30,10-17,11,158,186
30,10-17,12,235,263
30,10-17,13,235,360
30,10-17,14,235,395
30,10-17,15,235,395
30,10-17,16,235,395
30,10-17,17,235,395
30,10-17,18,249,409
30,10-17,19,249,409
30,10-17,20,249,409
30,10-17,21,249,409
30,10-17,22,249,475
30,10-17,23,249,475
30,10-17,24,249,475
30,10-17,25,249,533

31,2-4,1,88,88
31,2-4,2,88,88
31,2-4,3,88,88
31,2-4,4,88,88
31,2-4,5,88,88
31,2-4,6,88,88
31,2-4,7,88,88
31,2-4,8,88,88
31,2-4,9,188,188
31,2-4,10,188,188
31,2-4,11,188,281
31,2-4,12,188,281
31,2-4,13,188,281
31,2-4,14,188,281
31,2-4,15,188,281
31,2-4,16,188,281
31,2-4,17,188,326
31,2-4,18,188,326
31,2-4,19,188,326
31,2-4,20,188,362
31,2-4,21,188,362
31,2-4,22,188,362
31,2-4,23,282,456
31,2-4,24,282,474
31,2-4,25,282,532

32,2-3,1,88,176
32,2-3,2,88,176
32,2-3,3,149,237
32,2-3,4,149,237
32,2-3,5,149,237
32,2-3,6,149,237
32,2-3,7,221,309
32,2-3,8,221,309
32,2-3,9,221,309
32,2-3,10,221,309
32,2-3,11,314,402
32,2-3,12,314,402
32,2-3,13,314,499
32,2-3,14,314,499
32,2-3,15,314,499
32,2-3,16,314,499
32,2-3,17,314,499
32,2-3,18,314,513
32,2-3,19,314,513
32,2-3,20,314,513
32,2-3,21,314,513
32,2-3,22,314,513
32,2-3,23,314,513
32,2-3,24,314,531
32,2-3,25,314,531

33,1-2,1,176,176
33,1-2,2,176,176
33,1-2,3,176,176
33,1-2,4,176,176
33,1-2,5,176,176
33,1-2,6,176,176
33,1-2,7,176,176
33,1-2,8,176,176
33,1-2,9,176,176
33,1-2,10,176,176
33,1-2,11,176,176
33,1-2,12,176,253
33,1-2,13,176,253
33,1-2,14,176,253
33,1-2,15,176,253
33,1-2,16,176,253
33,1-2,17,176,253
33,1-2,18,176,267
33,1-2,19,176,367
33,1-2,20,176,367
33,1-2,21,176,367
33,1-2,22,176,433
33,1-2,23,176,527
33,1-2,24,176,527
33,1-2,25,176,527

34,4-13,1,88,88
34,4-13,2,102,102
34,4-13,3,102,102
34,4-13,4,102,102
34,4-13,5,102,102
34,4-13,6,102,102
34,4-13,7,102,102
34,4-13,8,102,102
34,4-13,9,102,102
34,4-13,10,102,102
34,4-13,11,102,195
34,4-13,12,102,195
34,4-13,13,102,292
34,4-13,14,102,292
34,4-13,15,102,388
34,4-13,16,102,388
34,4-13,17,102,433
34,4-13,18,102,433
34,4-13,19,102,433
34,4-13,20,102,469
34,4-13,21,102,469
34,4-13,22,102,469
34,4-13,23,102,469
34,4-13,24,102,469
34,4-13,25,102,527

35,6-9,1,88,88
35,6-9,2,88,88
35,6-9,3,88,88
35,6-9,4,88,158
35,6-9,5,88,158
35,6-9,6,88,158
35,6-9,7,88,230
35,6-9,8,88,230
35,6-9,9,88,230
35,6-9,10,88,230
35,6-9,11,88,323
35,6-9,12,88,323
35,6-9,13,88,323
35,6-9,14,88,323
35,6-9,15,88,323
35,6-9,16,88,323
35,6-9,17,88,323
35,6-9,18,88,323
35,6-9,19,88,423
35,6-9,20,88,423
35,6-9,21,88,509
35,6-9,22,88,509
35,6-9,23,88,509
35,6-9,24,88,527
35,6-9,25,88,527

36,4-5,1,88,88
36,4-5,2,88,102
36,4-5,3,88,102
36,4-5,4,88,102
36,4-5,5,116,130
36,4-5,6,116,130
36,4-5,7,116,130
36,4-5,8,116,130
36,4-5,9,116,230
36,4-5,10,116,241
36,4-5,11,116,241
36,4-5,12,116,241
36,4-5,13,116,241
36,4-5,14,116,241
36,4-5,15,116,337
36,4-5,16,116,337
36,4-5,17,116,337
36,4-5,18,116,337
36,4-5,19,116,337
36,4-5,20,152,373
36,4-5,21,238,459
36,4-5,22,238,525
36,4-5,23,238,525
36,4-5,24,238,525
36,4-5,25,238,525

37,2-19,1,88,88
37,2-19,2,88,88
37,2-19,3,88,88
37,2-19,4,88,88
37,2-19,5,88,88
37,2-19,6,88,88
37,2-19,7,88,160
37,2-19,8,88,160
37,2-19,9,88,160
37,2-19,10,88,160
37,2-19,11,88,253
37,2-19,12,165,330
37,2-19,13,165,330
37,2-19,14,165,330
37,2-19,15,165,426
37,2-19,16,256,517
37,2-19,17,256,517
37,2-19,18,256,517
37,2-19,19,256,517
37,2-19,20,256,517
37,2-19,21,256,517
37,2-19,22,256,517
37,2-19,23,256,517
37,2-19,24,256,517
37,2-19,25,256,517

38,3-5,1,88,88
38,3-5,2,88,88
38,3-5,3,88,88
38,3-5,4,88,88
38,3-5,5,88,88
38,3-5,6,88,88
38,3-5,7,88,88
38,3-5,8,88,88
38,3-5,9,88,188
38,3-5,10,88,188
38,3-5,11,88,188
38,3-5,12,88,188
38,3-5,13,185,285
38,3-5,14,185,320
38,3-5,15,185,320
38,3-5,16,185,320
38,3-5,17,230,365
38,3-5,18,230,365
38,3-5,19,230,365
38,3-5,20,230,365
38,3-5,21,230,451
38,3-5,22,230,517
38,3-5,23,230,517
38,3-5,24,230,517
38,3-5,25,230,517

39,9-17,1,88,88
39,9-17,2,88,102
39,9-17,3,88,102
39,9-17,4,88,172
39,9-17,5,88,200
39,9-17,6,88,200
39,9-17,7,160,272
39,9-17,8,160,272
39,9-17,9,260,372
39,9-17,10,260,372
39,9-17,11,260,372
39,9-17,12,260,372
39,9-17,13,260,469
39,9-17,14,295,504
39,9-17,15,295,504
39,9-17,16,295,504
39,9-17,17,295,504
39,9-17,18,295,504
39,9-17,19,295,504
39,9-17,20,295,504
39,9-17,21,295,504
39,9-17,22,295,504
39,9-17,23,295,504
39,9-17,24,295,504
39,9-17,25,295,504

40,10-15,1,88,88
40,10-15,2,88,88
40,10-15,3,88,88
40,10-15,4,88,88
40,10-15,5,116,116
40,10-15,6,116,116
40,10-15,7,116,188
40,10-15,8,116,188
40,10-15,9,116,188
40,10-15,10,116,188
40,10-15,11,116,188
40,10-15,12,116,188
40,10-15,13,116,285
40,10-15,14,116,285
40,10-15,15,116,381
40,10-15,16,116,381
40,10-15,17,116,381
40,10-15,18,116,381
40,10-15,19,116,381
40,10-15,20,116,417
40,10-15,21,116,503
40,10-15,22,116,503
40,10-15,23,116,503
40,10-15,24,116,503
40,10-15,25,116,503

41,0-4,1,88,88
41,0-4,2,88,88
41,0-4,3,88,149
41,0-4,4,88,149
41,0-4,5,88,149
41,0-4,6,88,149
41,0-4,7,160,221
41,0-4,8,160,221
41,0-4,9,160,321
41,0-4,10,160,321
41,0-4,11,160,321
41,0-4,12,160,321
41,0-4,13,160,418
41,0-4,14,195,453
41,0-4,15,195,453
41,0-4,16,195,453
41,0-4,17,195,498
41,0-4,18,195,498
41,0-4,19,195,498
41,0-4,20,195,498
41,0-4,21,195,498
41,0-4,22,195,498
41,0-4,23,195,498
41,0-4,24,195,498
41,0-4,25,195,498

42,0-13,1,88,88
42,0-13,2,88,102
42,0-13,3,149,163
42,0-13,4,149,163
42,0-13,5,149,191
42,0-13,6,149,191
42,0-13,7,149,191
42,0-13,8,149,191
42,0-13,9,149,191
42,0-13,10,149,202
42,0-13,11,242,295
42,0-13,12,242,295
42,0-13,13,242,295
42,0-13,14,242,295
42,0-13,15,242,295
42,0-13,16,242,386
42,0-13,17,242,386
42,0-13,18,242,386
42,0-13,19,242,486
42,0-13,20,242,486
42,0-13,21,242,486
42,0-13,22,242,486
42,0-13,23,242,486
42,0-13,24,242,486
42,0-13,25,242,486

43,0-18,1,88,88
43,0-18,2,88,102
43,0-18,3,88,102
43,0-18,4,88,102
43,0-18,5,88,102
43,0-18,6,88,102
43,0-18,7,88,102
43,0-18,8,88,102
43,0-18,9,88,202
43,0-18,10,88,202
43,0-18,11,88,202
43,0-18,12,165,279
43,0-18,13,165,376
43,0-18,14,165,376
43,0-18,15,165,376
43,0-18,16,256,467
43,0-18,17,256,467
43,0-18,18,256,467
43,0-18,19,256,467
43,0-18,20,256,467
43,0-18,21,256,467
43,0-18,22,256,467
43,0-18,23,256,467
43,0-18,24,256,485
43,0-18,25,256,485

44,7-15,1,88,88
44,7-15,2,102,102
44,7-15,3,102,102
44,7-15,4,102,102
44,7-15,5,102,102
44,7-15,6,102,102
44,7-15,7,102,174
44,7-15,8,102,174
44,7-15,9,102,274
44,7-15,10,102,274
44,7-15,11,102,274
44,7-15,12,102,274
44,7-15,13,102,274
44,7-15,14,102,274
44,7-15,15,102,274
44,7-15,16,102,274
44,7-15,17,102,319
44,7-15,18,102,319
44,7-15,19,102,419
44,7-15,20,102,419
44,7-15,21,102,419
44,7-15,22,168,485
44,7-15,23,168,485
44,7-15,24,168,485
44,7-15,25,168,485

45,5-12,1,88,88
45,5-12,2,88,88
45,5-12,3,88,88
45,5-12,4,158,158
45,5-12,5,158,158
45,5-12,6,158,158
45,5-12,7,158,158
45,5-12,8,158,158
45,5-12,9,158,158
45,5-12,10,158,158
45,5-12,11,158,251
45,5-12,12,158,251
45,5-12,13,158,251
45,5-12,14,158,251
45,5-12,15,158,251
45,5-12,16,158,342
45,5-12,17,158,342
45,5-12,18,172,356
45,5-12,19,172,356
45,5-12,20,172,356
45,5-12,21,172,356
45,5-12,22,172,422
45,5-12,23,172,422
45,5-12,24,172,422
45,5-12,25,172,480

46,6-13,1,88,88
46,6-13,2,88,88
46,6-13,3,88,88
46,6-13,4,88,158
46,6-13,5,88,158
46,6-13,6,88,158
46,6-13,7,88,158
46,6-13,8,88,222
46,6-13,9,88,322
46,6-13,10,88,322
46,6-13,11,88,322
46,6-13,12,88,322
46,6-13,13,88,322
46,6-13,14,88,322
46,6-13,15,88,418
46,6-13,16,88,418
46,6-13,17,88,463
46,6-13,18,88,477
46,6-13,19,88,477
46,6-13,20,88,477
46,6-13,21,88,477
46,6-13,22,88,477
46,6-13,23,88,477
46,6-13,24,88,477
46,6-13,25,88,477

47,2-14,1,88,88
47,2-14,2,88,88
47,2-14,3,88,88
47,2-14,4,88,88
47,2-14,5,116,116
47,2-14,6,116,116
47,2-14,7,116,116
47,2-14,8,116,116
47,2-14,9,116,216
47,2-14,10,116,216
47,2-14,11,116,216
47,2-14,12,116,216
47,2-14,13,116,216
47,2-14,14,116,216
47,2-14,15,116,216
47,2-14,16,116,216
47,2-14,17,116,216
47,2-14,18,116,230
47,2-14,19,116,230
47,2-14,20,116,266
47,2-14,21,202,352
47,2-14,22,202,418
47,2-14,23,202,418
47,2-14,24,202,418
47,2-14,25,202,476

48,16-19,1,88,88
48,16-19,2,88,88
48,16-19,3,88,88
48,16-19,4,88,88
48,16-19,5,88,88
48,16-19,6,88,88
48,16-19,7,88,88
48,16-19,8,88,88
48,16-19,9,88,88
48,16-19,10,88,88
48,16-19,11,88,181
48,16-19,12,88,181
48,16-19,13,88,278
48,16-19,14,88,278
48,16-19,15,88,374
48,16-19,16,88,374
48,16-19,17,88,374
48,16-19,18,88,374
48,16-19,19,88,474
48,16-19,20,88,474
48,16-19,21,88,474
48,16-19,22,88,474
48,16-19,23,88,474
48,16-19,24,88,474
48,16-19,25,88,474

49,0-1,1,88,88
49,0-1,2,88,88
49,0-1,3,88,149
49,0-1,4,88,149
49,0-1,5,88,149
49,0-1,6,88,149
49,0-1,7,88,221
49,0-1,8,88,221
49,0-1,9,88,221
49,0-1,10,88,221
49,0-1,11,88,221
49,0-1,12,88,221
49,0-1,13,88,221
49,0-1,14,88,221
49,0-1,15,88,221
49,0-1,16,88,221
49,0-1,17,88,221
49,0-1,18,88,221
49,0-1,19,88,321
49,0-1,20,88,321
49,0-1,21,88,321
49,0-1,22,88,321
49,0-1,23,88,415
49,0-1,24,88,415
49,0-1,25,88,473

50,7-11,1,88,88
50,7-11,2,88,88
50,7-11,3,88,88
50,7-11,4,88,88
50,7-11,5,88,88
50,7-11,6,170,170
50,7-11,7,170,170
50,7-11,8,170,234
50,7-11,9,170,234
50,7-11,10,170,234
50,7-11,11,170,234
50,7-11,12,170,311
50,7-11,13,170,311
50,7-11,14,170,311
50,7-11,15,170,407
50,7-11,16,170,407
50,7-11,17,170,407
50,7-11,18,170,407
50,7-11,19,170,407
50,7-11,20,170,407
50,7-11,21,170,407
50,7-11,22,170,473
50,7-11,23,170,473
50,7-11,24,170,473
50,7-11,25,170,473

51,1-9,1,88,88
51,1-9,2,88,88
51,1-9,3,88,88
51,1-9,4,88,88
51,1-9,5,88,88
51,1-9,6,88,88
51,1-9,7,88,88
51,1-9,8,152,152
51,1-9,9,152,252
51,1-9,10,152,252
51,1-9,11,152,252
51,1-9,12,152,252
51,1-9,13,152,252
51,1-9,14,152,252
51,1-9,15,152,252
51,1-9,16,152,252
51,1-9,17,152,252
51,1-9,18,152,252
51,1-9,19,152,252
51,1-9,20,152,252
51,1-9,21,152,252
51,1-9,22,152,318
51,1-9,23,152,412
51,1-9,24,152,412
51,1-9,25,210,470

52,0-19,1,88,88
52,0-19,2,88,88
52,0-19,3,88,88
52,0-19,4,88,88
52,0-19,5,88,88
52,0-19,6,88,88
52,0-19,7,88,88
52,0-19,8,88,88
52,0-19,9,88,188
52,0-19,10,88,188
52,0-19,11,88,188
52,0-19,12,88,188
52,0-19,13,88,188
52,0-19,14,88,223
52,0-19,15,88,223
52,0-19,16,88,223
52,0-19,17,88,223
52,0-19,18,88,223
52,0-19,19,88,223
52,0-19,20,88,223
52,0-19,21,174,309
52,0-19,22,240,375
52,0-19,23,334,469
52,0-19,24,334,469
52,0-19,25,334,469

53,3-15,1,88,88
53,3-15,2,88,88
53,3-15,3,88,88
53,3-15,4,88,158
53,3-15,5,88,158
53,3-15,6,88,158
53,3-15,7,88,158
53,3-15,8,88,158
53,3-15,9,88,158
53,3-15,10,88,158
53,3-15,11,88,158
53,3-15,12,88,158
53,3-15,13,88,158
53,3-15,14,123,193
53,3-15,15,123,193
53,3-15,16,123,284
53,3-15,17,123,284
53,3-15,18,123,284
53,3-15,19,123,384
53,3-15,20,123,384
53,3-15,21,123,384
53,3-15,22,123,450
53,3-15,23,123,450
53,3-15,24,141,468
53,3-15,25,141,468

54,8-12,1,176,176
54,8-12,2,176,176
54,8-12,3,176,176
54,8-12,4,176,246
54,8-12,5,176,246
54,8-12,6,176,246
54,8-12,7,176,246
54,8-12,8,240,310
54,8-12,9,240,310
54,8-12,10,240,321
54,8-12,11,240,321
54,8-12,12,240,321
54,8-12,13,240,418
54,8-12,14,240,453
54,8-12,15,240,453
54,8-12,16,240,453
54,8-12,17,240,453
54,8-12,18,240,467
54,8-12,19,240,467
54,8-12,20,240,467
54,8-12,21,240,467
54,8-12,22,240,467
54,8-12,23,240,467
54,8-12,24,240,467
54,8-12,25,240,467

55,10-13,1,88,176
55,10-13,2,88,176
55,10-13,3,88,176
55,10-13,4,88,176
55,10-13,5,88,176
55,10-13,6,88,176
55,10-13,7,88,176
55,10-13,8,88,176
55,10-13,9,88,176
55,10-13,10,88,176
55,10-13,11,88,269
55,10-13,12,88,269
55,10-13,13,88,269
55,10-13,14,88,269
55,10-13,15,88,269
55,10-13,16,88,269
55,10-13,17,88,269
55,10-13,18,88,269
55,10-13,19,88,269
55,10-13,20,88,305
55,10-13,21,88,305
55,10-13,22,88,371
55,10-13,23,88,465
55,10-13,24,88,465
55,10-13,25,88,465

56,16-17,1,176,176
56,16-17,2,176,176
56,16-17,3,176,176
56,16-17,4,176,176
56,16-17,5,176,176
56,16-17,6,176,176
56,16-17,7,176,248
56,16-17,8,176,248
56,16-17,9,176,248
56,16-17,10,176,248
56,16-17,11,176,248
56,16-17,12,176,248
56,16-17,13,176,248
56,16-17,14,176,248
56,16-17,15,176,248
56,16-17,16,267,339
56,16-17,17,267,339
56,16-17,18,267,339
56,16-17,19,267,339
56,16-17,20,267,339
56,16-17,21,267,339
56,16-17,22,267,405
56,16-17,23,267,405
56,16-17,24,267,405
56,16-17,25,267,463

57,3-8,1,88,88
57,3-8,2,88,102
57,3-8,3,88,102
57,3-8,4,88,102
57,3-8,5,88,130
57,3-8,6,88,130
57,3-8,7,88,130
57,3-8,8,88,130
57,3-8,9,88,130
57,3-8,10,88,130
57,3-8,11,88,130
57,3-8,12,88,130
57,3-8,13,88,227
57,3-8,14,88,262
57,3-8,15,88,262
57,3-8,16,88,262
57,3-8,17,88,262
57,3-8,18,88,262
57,3-8,19,88,262
57,3-8,20,124,298
57,3-8,21,210,384
57,3-8,22,210,384
57,3-8,23,210,384
57,3-8,24,210,402
57,3-8,25,210,460

58,6-7,1,88,88
58,6-7,2,88,88
58,6-7,3,88,88
58,6-7,4,88,88
58,6-7,5,88,116
58,6-7,6,88,116
58,6-7,7,88,116
58,6-7,8,88,180
58,6-7,9,88,180
58,6-7,10,88,180
58,6-7,11,88,180
58,6-7,12,88,180
58,6-7,13,88,180
58,6-7,14,88,215
58,6-7,15,88,215
58,6-7,16,88,215
58,6-7,17,88,215
58,6-7,18,88,215
58,6-7,19,88,315
58,6-7,20,88,315
58,6-7,21,88,401
58,6-7,22,88,401
58,6-7,23,88,401
58,6-7,24,88,401
58,6-7,25,88,459

59,0-8,1,88,88
59,0-8,2,88,88
59,0-8,3,88,88
59,0-8,4,88,88
59,0-8,5,88,88
59,0-8,6,88,88
59,0-8,7,88,88
59,0-8,8,88,88
59,0-8,9,88,88
59,0-8,10,88,88
59,0-8,11,88,88
59,0-8,12,88,88
59,0-8,13,88,88
59,0-8,14,88,88
59,0-8,15,184,184
59,0-8,16,184,184
59,0-8,17,184,184
59,0-8,18,184,184
59,0-8,19,184,184
59,0-8,20,184,220
59,0-8,21,184,306
59,0-8,22,184,306
59,0-8,23,184,400
59,0-8,24,184,400
59,0-8,25,242,458

60,13-15,1,88,176
60,13-15,2,88,176
60,13-15,3,88,176
60,13-15,4,88,176
60,13-15,5,88,176
60,13-15,6,88,176
60,13-15,7,88,176
60,13-15,8,152,240
60,13-15,9,152,240
60,13-15,10,152,240
60,13-15,11,152,240
60,13-15,12,152,240
60,13-15,13,152,240
60,13-15,14,152,240
60,13-15,15,152,336
60,13-15,16,152,336
60,13-15,17,152,336
60,13-15,18,152,336
60,13-15,19,152,336
60,13-15,20,152,372
60,13-15,21,238,458
60,13-15,22,238,458
60,13-15,23,238,458
60,13-15,24,238,458
60,13-15,25,238,458

61,1-5,1,88,88
61,1-5,2,102,102
61,1-5,3,102,102
61,1-5,4,102,102
61,1-5,5,102,102
61,1-5,6,102,102
61,1-5,7,102,102
61,1-5,8,102,102
61,1-5,9,102,102
61,1-5,10,102,102
61,1-5,11,102,102
61,1-5,12,102,102
61,1-5,13,102,199
61,1-5,14,102,199
61,1-5,15,102,295
61,1-5,16,102,295
61,1-5,17,102,295
61,1-5,18,102,295
61,1-5,19,102,295
61,1-5,20,102,295
61,1-5,21,102,295
61,1-5,22,168,361
61,1-5,23,168,455
61,1-5,24,168,455
61,1-5,25,168,455

62,8-19,1,88,88
62,8-19,2,88,102
62,8-19,3,88,102
62,8-19,4,88,102
62,8-19,5,88,102
62,8-19,6,88,102
62,8-19,7,88,174
62,8-19,8,88,174
62,8-19,9,88,174
62,8-19,10,88,174
62,8-19,11,88,174
62,8-19,12,88,174
62,8-19,13,88,271
62,8-19,14,88,271
62,8-19,15,88,271
62,8-19,16,88,271
62,8-19,17,88,271
62,8-19,18,102,285
62,8-19,19,102,285
62,8-19,20,102,285
62,8-19,21,102,371
62,8-19,22,102,437
62,8-19,23,102,437
62,8-19,24,102,455
62,8-19,25,102,455

63,10-16,1,88,88
63,10-16,2,88,88
63,10-16,3,88,88
63,10-16,4,88,88
63,10-16,5,88,88
63,10-16,6,88,88
63,10-16,7,88,88
63,10-16,8,88,88
63,10-16,9,88,88
63,10-16,10,88,88
63,10-16,11,88,181
63,10-16,12,88,181
63,10-16,13,88,181
63,10-16,14,88,181
63,10-16,15,88,277
63,10-16,16,88,368
63,10-16,17,88,368
63,10-16,18,88,368
63,10-16,19,88,368
63,10-16,20,88,368
63,10-16,21,174,454
63,10-16,22,174,454
63,10-16,23,174,454
63,10-16,24,174,454
63,10-16,25,174,454

64,5-6,1,176,176
64,5-6,2,176,176
64,5-6,3,176,176
64,5-6,4,176,246
64,5-6,5,176,246
64,5-6,6,176,246
64,5-6,7,176,246
64,5-6,8,176,246
64,5-6,9,176,246
64,5-6,10,176,246
64,5-6,11,176,246
64,5-6,12,176,246
64,5-6,13,176,246
64,5-6,14,176,281
64,5-6,15,176,377
64,5-6,16,176,377
64,5-6,17,176,377
64,5-6,18,176,377
64,5-6,19,176,377
64,5-6,20,176,377
64,5-6,21,176,377
64,5-6,22,176,377
64,5-6,23,176,377
64,5-6,24,176,395
64,5-6,25,176,453

65,0-5,1,88,88
65,0-5,2,88,88
65,0-5,3,88,149
65,0-5,4,88,149
65,0-5,5,88,149
65,0-5,6,88,149
65,0-5,7,88,221
65,0-5,8,88,221
65,0-5,9,88,221
65,0-5,10,88,221
65,0-5,11,88,314
65,0-5,12,88,314
65,0-5,13,88,314
65,0-5,14,88,349
65,0-5,15,88,349
65,0-5,16,88,349
65,0-5,17,88,349
65,0-5,18,88,349
65,0-5,19,88,449
65,0-5,20,88,449
65,0-5,21,88,449
65,0-5,22,88,449
65,0-5,23,88,449
65,0-5,24,88,449
65,0-5,25,88,449

66,13-17,1,88,88
66,13-17,2,88,102
66,13-17,3,88,102
66,13-17,4,88,102
66,13-17,5,88,102
66,13-17,6,88,102
66,13-17,7,88,102
66,13-17,8,88,102
66,13-17,9,88,102
66,13-17,10,88,102
66,13-17,11,88,102
66,13-17,12,88,102
66,13-17,13,88,102
66,13-17,14,88,137
66,13-17,15,88,233
66,13-17,16,88,233
66,13-17,17,88,233
66,13-17,18,88,233
66,13-17,19,88,233
66,13-17,20,88,269
66,13-17,21,88,355
66,13-17,22,88,355
66,13-17,23,88,449
66,13-17,24,88,449
66,13-17,25,88,449

67,3-13,1,88,88
67,3-13,2,88,102
67,3-13,3,88,102
67,3-13,4,88,102
67,3-13,5,88,102
67,3-13,6,88,184
67,3-13,7,88,184
67,3-13,8,88,184
67,3-13,9,88,184
67,3-13,10,88,184
67,3-13,11,88,277
67,3-13,12,88,354
67,3-13,13,88,354
67,3-13,14,88,354
67,3-13,15,88,354
67,3-13,16,88,354
67,3-13,17,88,354
67,3-13,18,88,354
67,3-13,19,88,354
67,3-13,20,88,354
67,3-13,21,88,354
67,3-13,22,88,354
67,3-13,23,182,448
67,3-13,24,182,448
67,3-13,25,182,448

68,1-10,1,88,88
68,1-10,2,88,88
68,1-10,3,149,149
68,1-10,4,149,149
68,1-10,5,149,149
68,1-10,6,149,149
68,1-10,7,149,149
68,1-10,8,149,149
68,1-10,9,149,149
68,1-10,10,149,149
68,1-10,11,149,149
68,1-10,12,149,226
68,1-10,13,149,323
68,1-10,14,149,358
68,1-10,15,149,358
68,1-10,16,149,358
68,1-10,17,149,358
68,1-10,18,149,358
68,1-10,19,149,358
68,1-10,20,149,358
68,1-10,21,149,444
68,1-10,22,149,444
68,1-10,23,149,444
68,1-10,24,149,444
68,1-10,25,149,444

69,13-19,1,88,88
69,13-19,2,88,102
69,13-19,3,88,102
69,13-19,4,88,102
69,13-19,5,88,102
69,13-19,6,88,102
69,13-19,7,88,102
69,13-19,8,88,102
69,13-19,9,88,102
69,13-19,10,88,102
69,13-19,11,88,195
69,13-19,12,88,195
69,13-19,13,185,292
69,13-19,14,185,292
69,13-19,15,185,292
69,13-19,16,185,383
69,13-19,17,185,383
69,13-19,18,185,383
69,13-19,19,185,383
69,13-19,20,185,383
69,13-19,21,185,383
69,13-19,22,185,383
69,13-19,23,185,383
69,13-19,24,185,383
69,13-19,25,185,441

70,10-19,1,176,176
70,10-19,2,176,176
70,10-19,3,176,176
70,10-19,4,176,176
70,10-19,5,176,176
70,10-19,6,176,176
70,10-19,7,176,176
70,10-19,8,176,240
70,10-19,9,176,240
70,10-19,10,176,240
70,10-19,11,176,240
70,10-19,12,176,240
70,10-19,13,176,240
70,10-19,14,176,240
70,10-19,15,176,336
70,10-19,16,176,336
70,10-19,17,176,336
70,10-19,18,176,336
70,10-19,19,176,336
70,10-19,20,176,336
70,10-19,21,176,422
70,10-19,22,176,422
70,10-19,23,176,422
70,10-19,24,194,440
70,10-19,25,194,440

71,0-10,1,88,88
71,0-10,2,88,102
71,0-10,3,88,102
71,0-10,4,88,102
71,0-10,5,88,102
71,0-10,6,88,102
71,0-10,7,88,102
71,0-10,8,88,102
71,0-10,9,88,202
71,0-10,10,88,202
71,0-10,11,88,202
71,0-10,12,88,202
71,0-10,13,88,202
71,0-10,14,88,202
71,0-10,15,88,298
71,0-10,16,88,389
71,0-10,17,133,434
71,0-10,18,133,434
71,0-10,19,133,434
71,0-10,20,133,434
71,0-10,21,133,434
71,0-10,22,133,434
71,0-10,23,133,434
71,0-10,24,133,434
71,0-10,25,133,434

72,6-18,1,88,88
72,6-18,2,88,88
72,6-18,3,88,88
72,6-18,4,88,158
72,6-18,5,88,186
72,6-18,6,88,186
72,6-18,7,88,186
72,6-18,8,88,186
72,6-18,9,88,186
72,6-18,10,88,186
72,6-18,11,181,279
72,6-18,12,181,279
72,6-18,13,181,279
72,6-18,14,181,279
72,6-18,15,277,375
72,6-18,16,277,375
72,6-18,17,277,375
72,6-18,18,277,375
72,6-18,19,277,375
72,6-18,20,277,375
72,6-18,21,277,375
72,6-18,22,277,375
72,6-18,23,277,375
72,6-18,24,277,375
72,6-18,25,277,433

73,7-19,1,88,88
73,7-19,2,88,102
73,7-19,3,88,102
73,7-19,4,88,102
73,7-19,5,88,102
73,7-19,6,88,102
73,7-19,7,88,102
73,7-19,8,152,166
73,7-19,9,152,166
73,7-19,10,152,166
73,7-19,11,152,166
73,7-19,12,152,166
73,7-19,13,152,263
73,7-19,14,152,263
73,7-19,15,152,263
73,7-19,16,152,354
73,7-19,17,152,354
73,7-19,18,152,354
73,7-19,19,152,354
73,7-19,20,152,354
73,7-19,21,152,354
73,7-19,22,152,354
73,7-19,23,152,354
73,7-19,24,152,372
73,7-19,25,210,430

74,1-14,1,88,88
74,1-14,2,88,88
74,1-14,3,88,88
74,1-14,4,88,88
74,1-14,5,88,88
74,1-14,6,88,88
74,1-14,7,88,88
74,1-14,8,88,88
74,1-14,9,88,88
74,1-14,10,88,88
74,1-14,11,88,88
74,1-14,12,165,165
74,1-14,13,165,262
74,1-14,14,165,262
74,1-14,15,165,262
74,1-14,16,165,262
74,1-14,17,165,307
74,1-14,18,165,307
74,1-14,19,165,307
74,1-14,20,201,343
74,1-14,21,201,343
74,1-14,22,201,409
74,1-14,23,201,409
74,1-14,24,201,427
74,1-14,25,201,427

75,2-12,1,88,88
75,2-12,2,88,88
75,2-12,3,88,88
75,2-12,4,88,88
75,2-12,5,88,116
75,2-12,6,88,116
75,2-12,7,88,116
75,2-12,8,88,116
75,2-12,9,88,216
75,2-12,10,88,216
75,2-12,11,88,216
75,2-12,12,88,216
75,2-12,13,185,313
75,2-12,14,185,313
75,2-12,15,185,313
75,2-12,16,185,313
75,2-12,17,185,313
75,2-12,18,185,327
75,2-12,19,185,427
75,2-12,20,185,427
75,2-12,21,185,427
75,2-12,22,185,427
75,2-12,23,185,427
75,2-12,24,185,427
75,2-12,25,185,427

76,6-16,1,88,88
76,6-16,2,88,88
76,6-16,3,88,88
76,6-16,4,88,88
76,6-16,5,88,88
76,6-16,6,88,88
76,6-16,7,88,88
76,6-16,8,88,88
76,6-16,9,88,88
76,6-16,10,88,88
76,6-16,11,88,88
76,6-16,12,88,165
76,6-16,13,185,262
76,6-16,14,185,297
76,6-16,15,185,393
76,6-16,16,185,393
76,6-16,17,185,393
76,6-16,18,185,407
76,6-16,19,185,407
76,6-16,20,185,407
76,6-16,21,185,407
76,6-16,22,185,407
76,6-16,23,185,407
76,6-16,24,185,425
76,6-16,25,185,425

77,12-18,1,88,88
77,12-18,2,102,102
77,12-18,3,102,163
77,12-18,4,102,163
77,12-18,5,102,191
77,12-18,6,102,273
77,12-18,7,102,273
77,12-18,8,102,273
77,12-18,9,102,273
77,12-18,10,102,273
77,12-18,11,102,273
77,12-18,12,102,273
77,12-18,13,102,370
77,12-18,14,102,370
77,12-18,15,102,370
77,12-18,16,102,370
77,12-18,17,102,370
77,12-18,18,102,370
77,12-18,19,102,370
77,12-18,20,102,406
77,12-18,21,102,406
77,12-18,22,102,406
77,12-18,23,102,406
77,12-18,24,102,424
77,12-18,25,102,424

78,3-19,1,88,88
78,3-19,2,88,88
78,3-19,3,88,88
78,3-19,4,88,88
78,3-19,5,88,116
78,3-19,6,88,116
78,3-19,7,88,116
78,3-19,8,88,116
78,3-19,9,88,216
78,3-19,10,88,216
78,3-19,11,88,309
78,3-19,12,88,309
78,3-19,13,88,309
78,3-19,14,88,309
78,3-19,15,88,309
78,3-19,16,88,309
78,3-19,17,88,309
78,3-19,18,88,323
78,3-19,19,188,423
78,3-19,20,188,423
78,3-19,21,188,423
78,3-19,22,188,423
78,3-19,23,188,423
78,3-19,24,188,423
78,3-19,25,188,423

79,7-18,1,88,176
79,7-18,2,88,176
79,7-18,3,88,176
79,7-18,4,88,176
79,7-18,5,88,204
79,7-18,6,88,204
79,7-18,7,88,204
79,7-18,8,88,204
79,7-18,9,88,204
79,7-18,10,88,204
79,7-18,11,88,297
79,7-18,12,88,297
79,7-18,13,88,297
79,7-18,14,88,297
79,7-18,15,88,297
79,7-18,16,88,297
79,7-18,17,88,297
79,7-18,18,88,297
79,7-18,19,88,297
79,7-18,20,124,333
79,7-18,21,210,419
79,7-18,22,210,419
79,7-18,23,210,419
79,7-18,24,210,419
79,7-18,25,210,419

80,1-3,1,88,88
80,1-3,2,88,88
80,1-3,3,88,149
80,1-3,4,88,149
80,1-3,5,116,177
80,1-3,6,116,177
80,1-3,7,116,177
80,1-3,8,116,241
80,1-3,9,116,241
80,1-3,10,116,241
80,1-3,11,116,241
80,1-3,12,116,241
80,1-3,13,116,241
80,1-3,14,116,241
80,1-3,15,116,241
80,1-3,16,207,332
80,1-3,17,207,332
80,1-3,18,207,332
80,1-3,19,207,332
80,1-3,20,207,332
80,1-3,21,207,418
80,1-3,22,207,418
80,1-3,23,207,418
80,1-3,24,207,418
80,1-3,25,207,418

81,10-14,1,88,176
81,10-14,2,88,176
81,10-14,3,88,176
81,10-14,4,88,176
81,10-14,5,88,176
81,10-14,6,88,176
81,10-14,7,88,176
81,10-14,8,88,240
81,10-14,9,88,240
81,10-14,10,88,240
81,10-14,11,88,240
81,10-14,12,88,240
81,10-14,13,88,240
81,10-14,14,123,275
81,10-14,15,123,275
81,10-14,16,123,275
81,10-14,17,123,275
81,10-14,18,123,275
81,10-14,19,123,275
81,10-14,20,123,275
81,10-14,21,123,275
81,10-14,22,123,341
81,10-14,23,123,341
81,10-14,24,123,359
81,10-14,25,123,417

82,15-18,1,88,88
82,15-18,2,88,88
82,15-18,3,149,149
82,15-18,4,149,219
82,15-18,5,149,219
82,15-18,6,149,219
82,15-18,7,149,219
82,15-18,8,149,219
82,15-18,9,149,219
82,15-18,10,149,219
82,15-18,11,149,219
82,15-18,12,149,219
82,15-18,13,149,316
82,15-18,14,149,316
82,15-18,15,149,316
82,15-18,16,149,316
82,15-18,17,149,361
82,15-18,18,149,361
82,15-18,19,149,361
82,15-18,20,149,397
82,15-18,21,149,397
82,15-18,22,149,397
82,15-18,23,149,397
82,15-18,24,149,415
82,15-18,25,149,415

83,2-13,1,88,176
83,2-13,2,88,190
83,2-13,3,88,190
83,2-13,4,88,190
83,2-13,5,88,218
83,2-13,6,88,218
83,2-13,7,88,218
83,2-13,8,88,218
83,2-13,9,88,218
83,2-13,10,88,218
83,2-13,11,88,218
83,2-13,12,88,218
83,2-13,13,88,218
83,2-13,14,88,218
83,2-13,15,184,314
83,2-13,16,184,314
83,2-13,17,184,314
83,2-13,18,184,314
83,2-13,19,184,414
83,2-13,20,184,414
83,2-13,21,184,414
83,2-13,22,184,414
83,2-13,23,184,414
83,2-13,24,184,414
83,2-13,25,184,414

84,11-17,1,88,88
84,11-17,2,88,88
84,11-17,3,149,149
84,11-17,4,149,149
84,11-17,5,149,149
84,11-17,6,149,149
84,11-17,7,149,149
84,11-17,8,149,149
84,11-17,9,149,149
84,11-17,10,149,149
84,11-17,11,149,149
84,11-17,12,149,149
84,11-17,13,149,149
84,11-17,14,149,149
84,11-17,15,149,149
84,11-17,16,149,149
84,11-17,17,149,149
84,11-17,18,149,149
84,11-17,19,149,149
84,11-17,20,149,185
84,11-17,21,235,271
84,11-17,22,235,337
84,11-17,23,235,337
84,11-17,24,235,355
84,11-17,25,293,413

85,4-8,1,88,176
85,4-8,2,88,176
85,4-8,3,88,176
85,4-8,4,88,176
85,4-8,5,88,204
85,4-8,6,88,204
85,4-8,7,88,204
85,4-8,8,88,204
85,4-8,9,88,204
85,4-8,10,88,204
85,4-8,11,88,204
85,4-8,12,165,281
85,4-8,13,165,281
85,4-8,14,165,316
85,4-8,15,165,316
85,4-8,16,165,316
85,4-8,17,165,316
85,4-8,18,165,316
85,4-8,19,165,316
85,4-8,20,165,316
85,4-8,21,165,316
85,4-8,22,165,316
85,4-8,23,165,410
85,4-8,24,165,410
85,4-8,25,165,410

86,8-14,1,88,88
86,8-14,2,88,102
86,8-14,3,88,102
86,8-14,4,88,102
86,8-14,5,88,102
86,8-14,6,170,184
86,8-14,7,170,184
86,8-14,8,170,184
86,8-14,9,170,284
86,8-14,10,170,284
86,8-14,11,170,284
86,8-14,12,170,361
86,8-14,13,170,361
86,8-14,14,170,361
86,8-14,15,170,361
86,8-14,16,170,361
86,8-14,17,170,406
86,8-14,18,170,406
86,8-14,19,170,406
86,8-14,20,170,406
86,8-14,21,170,406
86,8-14,22,170,406
86,8-14,23,170,406
86,8-14,24,170,406
86,8-14,25,170,406

87,14-18,1,88,88
87,14-18,2,88,88
87,14-18,3,88,88
87,14-18,4,88,88
87,14-18,5,88,88
87,14-18,6,88,170
87,14-18,7,160,242
87,14-18,8,160,242
87,14-18,9,160,242
87,14-18,10,160,242
87,14-18,11,160,242
87,14-18,12,160,242
87,14-18,13,160,242
87,14-18,14,160,277
87,14-18,15,160,277
87,14-18,16,160,277
87,14-18,17,160,322
87,14-18,18,160,322
87,14-18,19,160,322
87,14-18,20,160,322
87,14-18,21,160,322
87,14-18,22,160,388
87,14-18,23,160,388
87,14-18,24,160,406
87,14-18,25,160,406

88,3-10,1,88,88
88,3-10,2,88,88
88,3-10,3,88,88
88,3-10,4,88,158
88,3-10,5,88,158
88,3-10,6,88,158
88,3-10,7,88,158
88,3-10,8,152,222
88,3-10,9,152,222
88,3-10,10,152,222
88,3-10,11,152,222
88,3-10,12,152,222
88,3-10,13,152,222
88,3-10,14,152,222
88,3-10,15,248,318
88,3-10,16,248,318
88,3-10,17,248,318
88,3-10,18,248,318
88,3-10,19,248,318
88,3-10,20,248,318
88,3-10,21,248,404
88,3-10,22,248,404
88,3-10,23,248,404
88,3-10,24,248,404
88,3-10,25,248,404

89,8-16,1,88,88
89,8-16,2,88,88
89,8-16,3,88,88
89,8-16,4,158,158
89,8-16,5,158,158
89,8-16,6,158,158
89,8-16,7,158,230
89,8-16,8,158,230
89,8-16,9,158,230
89,8-16,10,158,230
89,8-16,11,158,230
89,8-16,12,158,307
89,8-16,13,158,307
89,8-16,14,158,307
89,8-16,15,158,403
89,8-16,16,158,403
89,8-16,17,158,403
89,8-16,18,158,403
89,8-16,19,158,403
89,8-16,20,158,403
89,8-16,21,158,403
89,8-16,22,158,403
89,8-16,23,158,403
89,8-16,24,158,403
89,8-16,25,158,403

90,2-9,1,88,88
90,2-9,2,88,102
90,2-9,3,88,163
90,2-9,4,88,233
90,2-9,5,88,233
90,2-9,6,88,233
90,2-9,7,88,305
90,2-9,8,88,305
90,2-9,9,88,305
90,2-9,10,88,305
90,2-9,11,88,305
90,2-9,12,88,305
90,2-9,13,88,402
90,2-9,14,88,402
90,2-9,15,88,402
90,2-9,16,88,402
90,2-9,17,88,402
90,2-9,18,88,402
90,2-9,19,88,402
90,2-9,20,88,402
90,2-9,21,88,402
90,2-9,22,88,402
90,2-9,23,88,402
90,2-9,24,88,402
90,2-9,25,88,402

91,1-17,1,88,88
91,1-17,2,88,102
91,1-17,3,88,102
91,1-17,4,88,102
91,1-17,5,88,102
91,1-17,6,88,102
91,1-17,7,88,102
91,1-17,8,88,102
91,1-17,9,88,102
91,1-17,10,99,113
91,1-17,11,99,113
91,1-17,12,99,113
91,1-17,13,99,210
91,1-17,14,99,210
91,1-17,15,99,306
91,1-17,16,99,306
91,1-17,17,99,306
91,1-17,18,99,306
91,1-17,19,99,306
91,1-17,20,99,306
91,1-17,21,99,306
91,1-17,22,99,306
91,1-17,23,99,400
91,1-17,24,99,400
91,1-17,25,99,400

92,9-18,1,176,176
92,9-18,2,176,176
92,9-18,3,176,176
92,9-18,4,176,246
92,9-18,5,176,246
92,9-18,6,176,246
92,9-18,7,176,246
92,9-18,8,176,246
92,9-18,9,176,246
92,9-18,10,176,246
92,9-18,11,176,246
92,9-18,12,176,246
92,9-18,13,176,246
92,9-18,14,176,246
92,9-18,15,176,246
92,9-18,16,176,246
92,9-18,17,176,246
92,9-18,18,176,246
92,9-18,19,176,246
92,9-18,20,176,246
92,9-18,21,176,246
92,9-18,22,176,246
92,9-18,23,176,340
92,9-18,24,176,340
92,9-18,25,176,398

93,12-15,1,88,88
93,12-15,2,88,88
93,12-15,3,88,88
93,12-15,4,88,88
93,12-15,5,88,88
93,12-15,6,88,88
93,12-15,7,88,88
93,12-15,8,88,88
93,12-15,9,88,88
93,12-15,10,88,88
93,12-15,11,88,88
93,12-15,12,165,165
93,12-15,13,165,262
93,12-15,14,165,262
93,12-15,15,165,262
93,12-15,16,256,353
93,12-15,17,256,398
93,12-15,18,256,398
93,12-15,19,256,398
93,12-15,20,256,398
93,12-15,21,256,398
93,12-15,22,256,398
93,12-15,23,256,398
93,12-15,24,256,398
93,12-15,25,256,398

94,8-11,1,88,88
94,8-11,2,88,88
94,8-11,3,88,88
94,8-11,4,88,88
94,8-11,5,88,88
94,8-11,6,88,88
94,8-11,7,88,160
94,8-11,8,88,160
94,8-11,9,88,160
94,8-11,10,88,171
94,8-11,11,88,171
94,8-11,12,88,171
94,8-11,13,88,171
94,8-11,14,88,171
94,8-11,15,88,267
94,8-11,16,88,267
94,8-11,17,88,267
94,8-11,18,88,267
94,8-11,19,88,267
94,8-11,20,88,303
94,8-11,21,88,303
94,8-11,22,88,303
94,8-11,23,182,397
94,8-11,24,182,397
94,8-11,25,182,397

95,9-10,1,88,176
95,9-10,2,88,176
95,9-10,3,88,237
95,9-10,4,88,237
95,9-10,5,88,237
95,9-10,6,88,237
95,9-10,7,88,237
95,9-10,8,88,237
95,9-10,9,88,237
95,9-10,10,88,237
95,9-10,11,88,237
95,9-10,12,88,237
95,9-10,13,88,237
95,9-10,14,88,237
95,9-10,15,88,237
95,9-10,16,88,237
95,9-10,17,88,237
95,9-10,18,88,237
95,9-10,19,88,237
95,9-10,20,88,237
95,9-10,21,88,237
95,9-10,22,154,303
95,9-10,23,154,397
95,9-10,24,154,397
95,9-10,25,154,397

96,7-17,1,88,88
96,7-17,2,88,88
96,7-17,3,88,88
96,7-17,4,88,158
96,7-17,5,116,186
96,7-17,6,116,186
96,7-17,7,116,186
96,7-17,8,116,186
96,7-17,9,116,186
96,7-17,10,116,186
96,7-17,11,116,279
96,7-17,12,116,279
96,7-17,13,116,279
96,7-17,14,116,279
96,7-17,15,116,279
96,7-17,16,116,279
96,7-17,17,116,279
96,7-17,18,116,279
96,7-17,19,116,279
96,7-17,20,116,279
96,7-17,21,116,279
96,7-17,22,116,279
96,7-17,23,210,373
96,7-17,24,210,391
96,7-17,25,210,391

97,12-14,1,88,88
97,12-14,2,88,88
97,12-14,3,149,149
97,12-14,4,149,219
97,12-14,5,149,219
97,12-14,6,149,219
97,12-14,7,149,291
97,12-14,8,149,291
97,12-14,9,149,291
97,12-14,10,149,291
97,12-14,11,149,291
97,12-14,12,149,291
97,12-14,13,149,291
97,12-14,14,149,291
97,12-14,15,149,291
97,12-14,16,149,291
97,12-14,17,149,291
97,12-14,18,149,291
97,12-14,19,149,391
97,12-14,20,149,391
97,12-14,21,149,391
97,12-14,22,149,391
97,12-14,23,149,391
97,12-14,24,149,391
97,12-14,25,149,391

98,12-16,1,88,88
98,12-16,2,88,88
98,12-16,3,88,149
98,12-16,4,88,219
98,12-16,5,88,219
98,12-16,6,88,219
98,12-16,7,88,291
98,12-16,8,88,291
98,12-16,9,88,391
98,12-16,10,88,391
98,12-16,11,88,391
98,12-16,12,88,391
98,12-16,13,88,391
98,12-16,14,88,391
98,12-16,15,88,391
98,12-16,16,88,391
98,12-16,17,88,391
98,12-16,18,88,391
98,12-16,19,88,391
98,12-16,20,88,391
98,12-16,21,88,391
98,12-16,22,88,391
98,12-16,23,88,391
98,12-16,24,88,391
98,12-16,25,88,391

99,7-13,1,88,88
99,7-13,2,88,102
99,7-13,3,88,102
99,7-13,4,88,102
99,7-13,5,88,102
99,7-13,6,88,184
99,7-13,7,88,184
99,7-13,8,88,184
99,7-13,9,88,184
99,7-13,10,88,195
99,7-13,11,88,195
99,7-13,12,88,195
99,7-13,13,88,195
99,7-13,14,88,195
99,7-13,15,88,195
99,7-13,16,88,286
99,7-13,17,133,331
99,7-13,18,133,331
99,7-13,19,133,331
99,7-13,20,133,331
99,7-13,21,133,331
99,7-13,22,133,331
99,7-13,23,133,331
99,7-13,24,133,331
99,7-13,25,133,389

100,4-12,1,88,88
100,4-12,2,88,88
100,4-12,3,88,149
100,4-12,4,88,219
100,4-12,5,88,247
100,4-12,6,88,247
100,4-12,7,88,247
100,4-12,8,88,247
100,4-12,9,88,247
100,4-12,10,88,247
100,4-12,11,88,340
100,4-12,12,88,340
100,4-12,13,88,340
100,4-12,14,88,340
100,4-12,15,88,340
100,4-12,16,88,340
100,4-12,17,88,385
100,4-12,18,88,385
100,4-12,19,88,385
100,4-12,20,88,385
100,4-12,21,88,385
100,4-12,22,88,385
100,4-12,23,88,385
100,4-12,24,88,385
100,4-12,25,88,385

101,9-16,1,88,88
101,9-16,2,88,88
101,9-16,3,88,149
101,9-16,4,88,149
101,9-16,5,88,149
101,9-16,6,88,149
101,9-16,7,88,149
101,9-16,8,88,149
101,9-16,9,88,149
101,9-16,10,88,149
101,9-16,11,181,242
101,9-16,12,181,319
101,9-16,13,181,319
101,9-16,14,181,319
101,9-16,15,181,319
101,9-16,16,181,319
101,9-16,17,181,319
101,9-16,18,181,319
101,9-16,19,181,319
101,9-16,20,181,319
101,9-16,21,181,319
101,9-16,22,181,385
101,9-16,23,181,385
101,9-16,24,181,385
101,9-16,25,181,385

102,1-6,1,88,88
102,1-6,2,88,88
102,1-6,3,88,88
102,1-6,4,88,88
102,1-6,5,88,88
102,1-6,6,88,170
102,1-6,7,88,170
102,1-6,8,88,170
102,1-6,9,88,170
102,1-6,10,88,170
102,1-6,11,88,170
102,1-6,12,88,170
102,1-6,13,88,170
102,1-6,14,88,170
102,1-6,15,88,266
102,1-6,16,88,266
102,1-6,17,88,266
102,1-6,18,102,280
102,1-6,19,102,280
102,1-6,20,102,280
102,1-6,21,188,366
102,1-6,22,188,366
102,1-6,23,188,366
102,1-6,24,206,384
102,1-6,25,206,384

103,18-19,1,88,88
103,18-19,2,88,88
103,18-19,3,88,149
103,18-19,4,88,149
103,18-19,5,88,149
103,18-19,6,88,149
103,18-19,7,88,149
103,18-19,8,88,149
103,18-19,9,88,149
103,18-19,10,88,149
103,18-19,11,88,149
103,18-19,12,88,149
103,18-19,13,88,149
103,18-19,14,123,184
103,18-19,15,123,184
103,18-19,16,123,184
103,18-19,17,168,229
103,18-19,18,168,229
103,18-19,19,168,329
103,18-19,20,168,365
103,18-19,21,168,365
103,18-19,22,168,365
103,18-19,23,168,365
103,18-19,24,168,383
103,18-19,25,168,383

104,4-19,1,88,88
104,4-19,2,88,88
104,4-19,3,88,88
104,4-19,4,88,88
104,4-19,5,88,88
104,4-19,6,88,88
104,4-19,7,88,88
104,4-19,8,88,88
104,4-19,9,88,88
104,4-19,10,88,99
104,4-19,11,88,99
104,4-19,12,88,176
104,4-19,13,88,176
104,4-19,14,88,176
104,4-19,15,184,272
104,4-19,16,184,272
104,4-19,17,184,272
104,4-19,18,184,286
104,4-19,19,184,286
104,4-19,20,184,322
104,4-19,21,184,322
104,4-19,22,184,322
104,4-19,23,184,322
104,4-19,24,184,322
104,4-19,25,184,380

105,8-15,1,88,88
105,8-15,2,88,102
105,8-15,3,88,102
105,8-15,4,88,102
105,8-15,5,88,102
105,8-15,6,88,102
105,8-15,7,160,174
105,8-15,8,160,174
105,8-15,9,160,174
105,8-15,10,160,174
105,8-15,11,160,174
105,8-15,12,160,174
105,8-15,13,160,174
105,8-15,14,160,174
105,8-15,15,160,174
105,8-15,16,160,174
105,8-15,17,160,219
105,8-15,18,160,219
105,8-15,19,160,219
105,8-15,20,160,255
105,8-15,21,160,255
105,8-15,22,160,321
105,8-15,23,160,321
105,8-15,24,160,321
105,8-15,25,160,379

106,11-19,1,88,88
106,11-19,2,88,88
106,11-19,3,88,149
106,11-19,4,88,149
106,11-19,5,116,177
106,11-19,6,116,177
106,11-19,7,116,177
106,11-19,8,116,177
106,11-19,9,116,177
106,11-19,10,116,177
106,11-19,11,116,177
106,11-19,12,116,177
106,11-19,13,116,177
106,11-19,14,116,177
106,11-19,15,116,177
106,11-19,16,116,177
106,11-19,17,116,177
106,11-19,18,116,177
106,11-19,19,116,277
106,11-19,20,152,313
106,11-19,21,152,313
106,11-19,22,152,379
106,11-19,23,152,379
106,11-19,24,152,379
106,11-19,25,152,379

107,5-9,1,88,88
107,5-9,2,88,88
107,5-9,3,88,88
107,5-9,4,88,88
107,5-9,5,88,88
107,5-9,6,88,88
107,5-9,7,88,160
107,5-9,8,88,224
107,5-9,9,88,224
107,5-9,10,88,235
107,5-9,11,88,235
107,5-9,12,88,235
107,5-9,13,88,235
107,5-9,14,88,235
107,5-9,15,88,331
107,5-9,16,88,331
107,5-9,17,88,376
107,5-9,18,88,376
107,5-9,19,88,376
107,5-9,20,88,376
107,5-9,21,88,376
107,5-9,22,88,376
107,5-9,23,88,376
107,5-9,24,88,376
107,5-9,25,88,376

108,11-13,1,88,88
108,11-13,2,88,88
108,11-13,3,88,88
108,11-13,4,88,88
108,11-13,5,88,88
108,11-13,6,88,88
108,11-13,7,88,88
108,11-13,8,88,88
108,11-13,9,88,188
108,11-13,10,88,188
108,11-13,11,88,188
108,11-13,12,88,188
108,11-13,13,88,188
108,11-13,14,123,223
108,11-13,15,123,223
108,11-13,16,123,223
108,11-13,17,123,223
108,11-13,18,123,223
108,11-13,19,123,223
108,11-13,20,123,223
108,11-13,21,123,223
108,11-13,22,123,223
108,11-13,23,123,317
108,11-13,24,123,317
108,11-13,25,123,375

109,12-17,1,88,176
109,12-17,2,88,176
109,12-17,3,88,176
109,12-17,4,88,176
109,12-17,5,88,176
109,12-17,6,88,176
109,12-17,7,88,176
109,12-17,8,88,176
109,12-17,9,88,176
109,12-17,10,88,176
109,12-17,11,88,176
109,12-17,12,88,176
109,12-17,13,88,176
109,12-17,14,88,176
109,12-17,15,88,176
109,12-17,16,88,176
109,12-17,17,88,221
109,12-17,18,88,221
109,12-17,19,88,221
109,12-17,20,88,221
109,12-17,21,88,307
109,12-17,22,88,373
109,12-17,23,88,373
109,12-17,24,88,373
109,12-17,25,88,373

110,5-14,1,88,88
110,5-14,2,88,88
110,5-14,3,88,88
110,5-14,4,88,88
110,5-14,5,88,88
110,5-14,6,88,170
110,5-14,7,88,242
110,5-14,8,88,242
110,5-14,9,88,242
110,5-14,10,88,242
110,5-14,11,88,242
110,5-14,12,88,242
110,5-14,13,88,242
110,5-14,14,88,277
110,5-14,15,88,277
110,5-14,16,88,277
110,5-14,17,88,277
110,5-14,18,88,277
110,5-14,19,88,277
110,5-14,20,88,277
110,5-14,21,88,277
110,5-14,22,88,277
110,5-14,23,182,371
110,5-14,24,182,371
110,5-14,25,182,371

111,1-15,1,88,88
111,1-15,2,88,88
111,1-15,3,88,88
111,1-15,4,88,88
111,1-15,5,88,88
111,1-15,6,88,88
111,1-15,7,88,88
111,1-15,8,88,88
111,1-15,9,88,188
111,1-15,10,88,188
111,1-15,11,88,188
111,1-15,12,88,188
111,1-15,13,88,188
111,1-15,14,88,188
111,1-15,15,88,188
111,1-15,16,88,188
111,1-15,17,133,233
111,1-15,18,133,233
111,1-15,19,233,333
111,1-15,20,233,369
111,1-15,21,233,369
111,1-15,22,233,369
111,1-15,23,233,369
111,1-15,24,233,369
111,1-15,25,233,369

112,3-11,1,88,88
112,3-11,2,88,88
112,3-11,3,88,88
112,3-11,4,88,158
112,3-11,5,88,158
112,3-11,6,88,158
112,3-11,7,88,158
112,3-11,8,88,158
112,3-11,9,88,258
112,3-11,10,88,258
112,3-11,11,88,351
112,3-11,12,88,351
112,3-11,13,88,351
112,3-11,14,88,351
112,3-11,15,88,351
112,3-11,16,88,351
112,3-11,17,88,351
112,3-11,18,102,365
112,3-11,19,102,365
112,3-11,20,102,365
112,3-11,21,102,365
112,3-11,22,102,365
112,3-11,23,102,365
112,3-11,24,102,365
112,3-11,25,102,365

113,14-15,1,88,88
113,14-15,2,88,88
113,14-15,3,88,88
113,14-15,4,88,88
113,14-15,5,88,116
113,14-15,6,88,198
113,14-15,7,88,198
113,14-15,8,88,198
113,14-15,9,88,198
113,14-15,10,88,198
113,14-15,11,88,198
113,14-15,12,88,198
113,14-15,13,88,198
113,14-15,14,88,198
113,14-15,15,88,198
113,14-15,16,88,289
113,14-15,17,88,289
113,14-15,18,88,289
113,14-15,19,88,289
113,14-15,20,88,289
113,14-15,21,88,289
113,14-15,22,88,289
113,14-15,23,88,289
113,14-15,24,88,307
113,14-15,25,88,365

114,17-19,1,88,88
114,17-19,2,88,88
114,17-19,3,88,88
114,17-19,4,88,88
114,17-19,5,88,88
114,17-19,6,88,170
114,17-19,7,88,170
114,17-19,8,88,170
114,17-19,9,88,170
114,17-19,10,88,170
114,17-19,11,181,263
114,17-19,12,181,263
114,17-19,13,181,263
114,17-19,14,181,263
114,17-19,15,181,359
114,17-19,16,181,359
114,17-19,17,181,359
114,17-19,18,181,359
114,17-19,19,181,359
114,17-19,20,181,359
114,17-19,21,181,359
114,17-19,22,181,359
114,17-19,23,181,359
114,17-19,24,181,359
114,17-19,25,181,359

115,6-17,1,88,88
115,6-17,2,88,88
115,6-17,3,88,88
115,6-17,4,88,88
115,6-17,5,88,88
115,6-17,6,88,88
115,6-17,7,88,160
115,6-17,8,88,160
115,6-17,9,88,160
115,6-17,10,88,171
115,6-17,11,88,171
115,6-17,12,88,171
115,6-17,13,88,171
115,6-17,14,88,171
115,6-17,15,88,267
115,6-17,16,88,358
115,6-17,17,88,358
115,6-17,18,88,358
115,6-17,19,88,358
115,6-17,20,88,358
115,6-17,21,88,358
115,6-17,22,88,358
115,6-17,23,88,358
115,6-17,24,88,358
115,6-17,25,88,358

116,12-19,1,88,88
116,12-19,2,88,88
116,12-19,3,88,88
116,12-19,4,88,88
116,12-19,5,88,88
116,12-19,6,88,88
116,12-19,7,88,88
116,12-19,8,88,152
116,12-19,9,88,152
116,12-19,10,88,152
116,12-19,11,88,245
116,12-19,12,88,245
116,12-19,13,88,342
116,12-19,14,88,342
116,12-19,15,88,342
116,12-19,16,88,342
116,12-19,17,88,342
116,12-19,18,88,356
116,12-19,19,88,356
116,12-19,20,88,356
116,12-19,21,88,356
116,12-19,22,88,356
116,12-19,23,88,356
116,12-19,24,88,356
116,12-19,25,88,356

117,16-18,1,88,88
117,16-18,2,88,88
117,16-18,3,88,88
117,16-18,4,88,88
117,16-18,5,88,88
117,16-18,6,170,170
117,16-18,7,170,170
117,16-18,8,170,234
117,16-18,9,170,234
117,16-18,10,170,234
117,16-18,11,170,234
117,16-18,12,170,311
117,16-18,13,170,311
117,16-18,14,170,311
117,16-18,15,170,311
117,16-18,16,170,311
117,16-18,17,170,356
117,16-18,18,170,356
117,16-18,19,170,356
117,16-18,20,170,356
117,16-18,21,170,356
117,16-18,22,170,356
117,16-18,23,170,356
117,16-18,24,170,356
117,16-18,25,170,356

118,9-19,1,88,176
118,9-19,2,88,176
118,9-19,3,88,176
118,9-19,4,158,246
118,9-19,5,158,246
118,9-19,6,158,246
118,9-19,7,158,246
118,9-19,8,158,246
118,9-19,9,158,246
118,9-19,10,169,257
118,9-19,11,169,257
118,9-19,12,169,257
118,9-19,13,169,354
118,9-19,14,169,354
118,9-19,15,169,354
118,9-19,16,169,354
118,9-19,17,169,354
118,9-19,18,169,354
118,9-19,19,169,354
118,9-19,20,169,354
118,9-19,21,169,354
118,9-19,22,169,354
118,9-19,23,169,354
118,9-19,24,169,354
118,9-19,25,169,354

119,0-14,1,88,88
119,0-14,2,88,88
119,0-14,3,88,88
119,0-14,4,88,88
119,0-14,5,88,88
119,0-14,6,88,88
119,0-14,7,88,88
119,0-14,8,88,88
119,0-14,9,88,88
119,0-14,10,88,88
119,0-14,11,88,88
119,0-14,12,88,88
119,0-14,13,185,185
119,0-14,14,185,185
119,0-14,15,185,185
119,0-14,16,185,185
119,0-14,17,185,185
119,0-14,18,185,185
119,0-14,19,185,185
119,0-14,20,185,185
119,0-14,21,185,185
119,0-14,22,185,251
119,0-14,23,185,345
119,0-14,24,185,345
119,0-14,25,185,345

120,0-17,1,88,88
120,0-17,2,88,102
120,0-17,3,88,102
120,0-17,4,88,172
120,0-17,5,88,172
120,0-17,6,88,172
120,0-17,7,88,244
120,0-17,8,88,244
120,0-17,9,88,244
120,0-17,10,88,244
120,0-17,11,88,244
120,0-17,12,88,244
120,0-17,13,88,341
120,0-17,14,88,341
120,0-17,15,88,341
120,0-17,16,88,341
120,0-17,17,88,341
120,0-17,18,88,341
120,0-17,19,88,341
120,0-17,20,88,341
120,0-17,21,88,341
120,0-17,22,88,341
120,0-17,23,88,341
120,0-17,24,88,341
120,0-17,25,88,341

121,1-7,1,88,88
121,1-7,2,88,88
121,1-7,3,88,149
121,1-7,4,88,149
121,1-7,5,88,149
121,1-7,6,88,149
121,1-7,7,88,149
121,1-7,8,88,149
121,1-7,9,88,149
121,1-7,10,88,149
121,1-7,11,88,149
121,1-7,12,88,149
121,1-7,13,88,246
121,1-7,14,88,246
121,1-7,15,88,246
121,1-7,16,88,246
121,1-7,17,88,246
121,1-7,18,88,246
121,1-7,19,88,246
121,1-7,20,88,246
121,1-7,21,88,246
121,1-7,22,88,246
121,1-7,23,88,340
121,1-7,24,88,340
121,1-7,25,88,340

122,3-9,1,88,176
122,3-9,2,102,190
122,3-9,3,102,251
122,3-9,4,102,321
122,3-9,5,102,321
122,3-9,6,102,321
122,3-9,7,102,321
122,3-9,8,102,321
122,3-9,9,102,321
122,3-9,10,102,321
122,3-9,11,102,321
122,3-9,12,102,321
122,3-9,13,102,321
122,3-9,14,102,321
122,3-9,15,102,321
122,3-9,16,102,321
122,3-9,17,102,321
122,3-9,18,102,321
122,3-9,19,102,321
122,3-9,20,102,321
122,3-9,21,102,321
122,3-9,22,102,321
122,3-9,23,102,321
122,3-9,24,102,339
122,3-9,25,102,339

123,11-14,1,88,88
123,11-14,2,88,88
123,11-14,3,88,88
123,11-14,4,88,88
123,11-14,5,88,88
123,11-14,6,88,88
123,11-14,7,88,88
123,11-14,8,88,88
123,11-14,9,88,88
123,11-14,10,88,88
123,11-14,11,181,181
123,11-14,12,181,181
123,11-14,13,181,181
123,11-14,14,181,181
123,11-14,15,181,181
123,11-14,16,181,181
123,11-14,17,181,181
123,11-14,18,181,181
123,11-14,19,181,281
123,11-14,20,181,281
123,11-14,21,181,281
123,11-14,22,181,281
123,11-14,23,181,281
123,11-14,24,181,281
123,11-14,25,181,339

124,3-12,1,88,88
124,3-12,2,88,88
124,3-12,3,88,149
124,3-12,4,88,149
124,3-12,5,88,149
124,3-12,6,88,149
124,3-12,7,88,149
124,3-12,8,88,213
124,3-12,9,88,213
124,3-12,10,88,213
124,3-12,11,88,213
124,3-12,12,88,213
124,3-12,13,88,213
124,3-12,14,88,213
124,3-12,15,88,213
124,3-12,16,88,213
124,3-12,17,88,213
124,3-12,18,88,213
124,3-12,19,88,213
124,3-12,20,88,213
124,3-12,21,88,213
124,3-12,22,154,279
124,3-12,23,154,279
124,3-12,24,154,279
124,3-12,25,212,337

125,1-11,1,88,88
125,1-11,2,88,88
125,1-11,3,88,88
125,1-11,4,158,158
125,1-11,5,158,158
125,1-11,6,158,240
125,1-11,7,158,240
125,1-11,8,158,240
125,1-11,9,158,240
125,1-11,10,158,240
125,1-11,11,158,240
125,1-11,12,158,240
125,1-11,13,158,240
125,1-11,14,158,240
125,1-11,15,158,240
125,1-11,16,158,240
125,1-11,17,158,240
125,1-11,18,158,240
125,1-11,19,158,240
125,1-11,20,158,240
125,1-11,21,158,240
125,1-11,22,158,240
125,1-11,23,158,334
125,1-11,24,158,334
125,1-11,25,158,334

126,0-15,1,88,88
126,0-15,2,88,102
126,0-15,3,88,102
126,0-15,4,158,172
126,0-15,5,158,172
126,0-15,6,158,172
126,0-15,7,158,172
126,0-15,8,158,172
126,0-15,9,158,272
126,0-15,10,158,272
126,0-15,11,158,272
126,0-15,12,158,272
126,0-15,13,158,272
126,0-15,14,158,272
126,0-15,15,158,272
126,0-15,16,158,272
126,0-15,17,158,272
126,0-15,18,158,272
126,0-15,19,158,272
126,0-15,20,158,272
126,0-15,21,158,272
126,0-15,22,158,272
126,0-15,23,158,272
126,0-15,24,158,272
126,0-15,25,158,330

127,4-6,1,88,88
127,4-6,2,88,102
127,4-6,3,88,102
127,4-6,4,88,102
127,4-6,5,88,130
127,4-6,6,88,130
127,4-6,7,88,130
127,4-6,8,88,130
127,4-6,9,88,130
127,4-6,10,88,130
127,4-6,11,88,130
127,4-6,12,88,130
127,4-6,13,88,227
127,4-6,14,88,227
127,4-6,15,88,227
127,4-6,16,88,227
127,4-6,17,88,272
127,4-6,18,88,272
127,4-6,19,88,272
127,4-6,20,88,272
127,4-6,21,88,272
127,4-6,22,88,272
127,4-6,23,88,272
127,4-6,24,88,272
127,4-6,25,146,330

128,1-16,1,88,88
128,1-16,2,88,88
128,1-16,3,88,88
128,1-16,4,88,88
128,1-16,5,88,88
128,1-16,6,88,88
128,1-16,7,160,160
128,1-16,8,160,160
128,1-16,9,160,160
128,1-16,10,160,160
128,1-16,11,160,160
128,1-16,12,160,160
128,1-16,13,160,160
128,1-16,14,160,160
128,1-16,15,160,160
128,1-16,16,160,160
128,1-16,17,160,160
128,1-16,18,160,160
128,1-16,19,160,260
128,1-16,20,160,260
128,1-16,21,160,260
128,1-16,22,160,326
128,1-16,23,160,326
128,1-16,24,160,326
128,1-16,25,160,326

129,4-7,1,88,88
129,4-7,2,88,88
129,4-7,3,88,88
129,4-7,4,158,158
129,4-7,5,158,158
129,4-7,6,158,158
129,4-7,7,158,230
129,4-7,8,158,230
129,4-7,9,158,230
129,4-7,10,158,230
129,4-7,11,158,230
129,4-7,12,158,230
129,4-7,13,158,230
129,4-7,14,158,230
129,4-7,15,158,230
129,4-7,16,249,321
129,4-7,17,249,321
129,4-7,18,249,321
129,4-7,19,249,321
129,4-7,20,249,321
129,4-7,21,249,321
129,4-7,22,249,321
129,4-7,23,249,321
129,4-7,24,249,321
129,4-7,25,249,321

130,0-12,1,88,88
130,0-12,2,88,88
130,0-12,3,88,149
130,0-12,4,88,219
130,0-12,5,88,219
130,0-12,6,88,219
130,0-12,7,88,219
130,0-12,8,88,219
130,0-12,9,88,319
130,0-12,10,88,319
130,0-12,11,88,319
130,0-12,12,88,319
130,0-12,13,88,319
130,0-12,14,88,319
130,0-12,15,88,319
130,0-12,16,88,319
130,0-12,17,88,319
130,0-12,18,88,319
130,0-12,19,88,319
130,0-12,20,88,319
130,0-12,21,88,319
130,0-12,22,88,319
130,0-12,23,88,319
130,0-12,24,88,319
130,0-12,25,88,319

131,13-18,1,88,88
131,13-18,2,88,88
131,13-18,3,88,88
131,13-18,4,88,88
131,13-18,5,88,88
131,13-18,6,88,88
131,13-18,7,88,88
131,13-18,8,88,152
131,13-18,9,88,152
131,13-18,10,88,152
131,13-18,11,88,152
131,13-18,12,88,229
131,13-18,13,88,229
131,13-18,14,88,229
131,13-18,15,88,229
131,13-18,16,88,229
131,13-18,17,88,229
131,13-18,18,102,243
131,13-18,19,102,243
131,13-18,20,102,243
131,13-18,21,102,243
131,13-18,22,102,243
131,13-18,23,102,243
131,13-18,24,120,261
131,13-18,25,120,319

132,13-14,1,88,88
132,13-14,2,88,88
132,13-14,3,88,88
132,13-14,4,88,88
132,13-14,5,88,88
132,13-14,6,88,88
132,13-14,7,88,88
132,13-14,8,88,88
132,13-14,9,88,88
132,13-14,10,88,88
132,13-14,11,88,88
132,13-14,12,88,88
132,13-14,13,88,88
132,13-14,14,88,88
132,13-14,15,88,88
132,13-14,16,88,179
132,13-14,17,88,224
132,13-14,18,88,224
132,13-14,19,88,224
132,13-14,20,88,260
132,13-14,21,88,260
132,13-14,22,88,260
132,13-14,23,88,260
132,13-14,24,88,260
132,13-14,25,146,318

133,2-8,1,88,176
133,2-8,2,88,176
133,2-8,3,88,176
133,2-8,4,88,176
133,2-8,5,88,176
133,2-8,6,88,176
133,2-8,7,88,176
133,2-8,8,88,176
133,2-8,9,88,176
133,2-8,10,99,187
133,2-8,11,99,187
133,2-8,12,99,264
133,2-8,13,99,264
133,2-8,14,99,299
133,2-8,15,99,299
133,2-8,16,99,299
133,2-8,17,99,299
133,2-8,18,99,299
133,2-8,19,99,299
133,2-8,20,99,299
133,2-8,21,99,299
133,2-8,22,99,299
133,2-8,23,99,299
133,2-8,24,117,317
133,2-8,25,117,317

134,9-15,1,88,88
134,9-15,2,88,88
134,9-15,3,88,88
134,9-15,4,88,88
134,9-15,5,88,88
134,9-15,6,88,88
134,9-15,7,88,88
134,9-15,8,88,88
134,9-15,9,88,88
134,9-15,10,88,88
134,9-15,11,88,88
134,9-15,12,88,88
134,9-15,13,185,185
134,9-15,14,185,185
134,9-15,15,185,185
134,9-15,16,185,185
134,9-15,17,185,185
134,9-15,18,185,199
134,9-15,19,185,299
134,9-15,20,185,299
134,9-15,21,185,299
134,9-15,22,185,299
134,9-15,23,185,299
134,9-15,24,185,317
134,9-15,25,185,317

135,2-16,1,88,88
135,2-16,2,88,88
135,2-16,3,88,88
135,2-16,4,88,88
135,2-16,5,88,88
135,2-16,6,88,88
135,2-16,7,88,88
135,2-16,8,88,88
135,2-16,9,88,88
135,2-16,10,88,88
135,2-16,11,88,88
135,2-16,12,88,88
135,2-16,13,88,88
135,2-16,14,88,88
135,2-16,15,88,88
135,2-16,16,88,88
135,2-16,17,133,133
135,2-16,18,133,147
135,2-16,19,133,247
135,2-16,20,133,247
135,2-16,21,133,247
135,2-16,22,133,313
135,2-16,23,133,313
135,2-16,24,133,313
135,2-16,25,133,313

136,3-7,1,88,88
136,3-7,2,88,102
136,3-7,3,88,102
136,3-7,4,88,102
136,3-7,5,88,102
136,3-7,6,88,184
136,3-7,7,88,184
136,3-7,8,88,184
136,3-7,9,88,184
136,3-7,10,99,195
136,3-7,11,99,195
136,3-7,12,99,195
136,3-7,13,99,195
136,3-7,14,99,195
136,3-7,15,99,195
136,3-7,16,99,195
136,3-7,17,99,195
136,3-7,18,99,195
136,3-7,19,99,295
136,3-7,20,99,295
136,3-7,21,99,295
136,3-7,22,99,295
136,3-7,23,99,295
136,3-7,24,99,313
136,3-7,25,99,313

137,7-16,1,88,88
137,7-16,2,88,88
137,7-16,3,149,149
137,7-16,4,149,219
137,7-16,5,149,219
137,7-16,6,149,219
137,7-16,7,149,219
137,7-16,8,149,219
137,7-16,9,149,219
137,7-16,10,149,219
137,7-16,11,149,219
137,7-16,12,149,219
137,7-16,13,149,219
137,7-16,14,184,254
137,7-16,15,184,254
137,7-16,16,184,254
137,7-16,17,184,254
137,7-16,18,184,254
137,7-16,19,184,254
137,7-16,20,184,254
137,7-16,21,184,254
137,7-16,22,184,254
137,7-16,23,184,254
137,7-16,24,184,254
137,7-16,25,184,312

138,17-18,1,88,88
138,17-18,2,88,88
138,17-18,3,88,149
138,17-18,4,88,149
138,17-18,5,88,177
138,17-18,6,88,177
138,17-18,7,88,177
138,17-18,8,88,241
138,17-18,9,88,241
138,17-18,10,88,241
138,17-18,11,88,241
138,17-18,12,88,241
138,17-18,13,88,241
138,17-18,14,88,241
138,17-18,15,88,241
138,17-18,16,88,241
138,17-18,17,88,241
138,17-18,18,88,241
138,17-18,19,88,241
138,17-18,20,88,241
138,17-18,21,88,241
138,17-18,22,154,307
138,17-18,23,154,307
138,17-18,24,154,307
138,17-18,25,154,307

139,5-7,1,88,88
139,5-7,2,88,88
139,5-7,3,88,88
139,5-7,4,88,88
139,5-7,5,88,88
139,5-7,6,88,88
139,5-7,7,88,88
139,5-7,8,88,88
139,5-7,9,88,88
139,5-7,10,88,88
139,5-7,11,88,88
139,5-7,12,165,165
139,5-7,13,165,165
139,5-7,14,165,165
139,5-7,15,165,261
139,5-7,16,165,261
139,5-7,17,165,306
139,5-7,18,165,306
139,5-7,19,165,306
139,5-7,20,165,306
139,5-7,21,165,306
139,5-7,22,165,306
139,5-7,23,165,306
139,5-7,24,165,306
139,5-7,25,165,306

140,2-5,1,88,88
140,2-5,2,88,88
140,2-5,3,88,88
140,2-5,4,88,88
140,2-5,5,88,88
140,2-5,6,88,88
140,2-5,7,88,88
140,2-5,8,88,88
140,2-5,9,88,88
140,2-5,10,88,88
140,2-5,11,88,88
140,2-5,12,88,88
140,2-5,13,88,88
140,2-5,14,123,123
140,2-5,15,123,219
140,2-5,16,123,219
140,2-5,17,123,219
140,2-5,18,123,219
140,2-5,19,123,219
140,2-5,20,123,219
140,2-5,21,123,305
140,2-5,22,123,305
140,2-5,23,123,305
140,2-5,24,123,305
140,2-5,25,123,305

141,10-11,1,88,88
141,10-11,2,88,88
141,10-11,3,88,149
141,10-11,4,88,149
141,10-11,5,88,149
141,10-11,6,88,149
141,10-11,7,88,149
141,10-11,8,88,149
141,10-11,9,88,149
141,10-11,10,88,160
141,10-11,11,88,160
141,10-11,12,88,160
141,10-11,13,88,160
141,10-11,14,88,195
141,10-11,15,88,195
141,10-11,16,179,286
141,10-11,17,179,286
141,10-11,18,179,300
141,10-11,19,179,300
141,10-11,20,179,300
141,10-11,21,179,300
141,10-11,22,179,300
141,10-11,23,179,300
141,10-11,24,179,300
141,10-11,25,179,300

142,8-17,1,88,88
142,8-17,2,88,88
142,8-17,3,88,88
142,8-17,4,88,88
142,8-17,5,88,88
142,8-17,6,88,88
142,8-17,7,88,88
142,8-17,8,88,88
142,8-17,9,88,88
142,8-17,10,88,88
142,8-17,11,88,88
142,8-17,12,88,88
142,8-17,13,185,185
142,8-17,14,185,185
142,8-17,15,185,281
142,8-17,16,185,281
142,8-17,17,185,281
142,8-17,18,185,281
142,8-17,19,185,281
142,8-17,20,185,281
142,8-17,21,185,281
142,8-17,22,185,281
142,8-17,23,185,281
142,8-17,24,185,299
142,8-17,25,185,299

143,0-11,1,88,88
143,0-11,2,88,88
143,0-11,3,88,149
143,0-11,4,88,149
143,0-11,5,88,149
143,0-11,6,88,149
143,0-11,7,88,149
143,0-11,8,88,149
143,0-11,9,88,149
143,0-11,10,88,149
143,0-11,11,88,149
143,0-11,12,88,149
143,0-11,13,88,149
143,0-11,14,88,184
143,0-11,15,88,184
143,0-11,16,88,184
143,0-11,17,88,184
143,0-11,18,88,198
143,0-11,19,188,298
143,0-11,20,188,298
143,0-11,21,188,298
143,0-11,22,188,298
143,0-11,23,188,298
143,0-11,24,188,298
143,0-11,25,188,298

144,3-18,1,88,88
144,3-18,2,88,88
144,3-18,3,88,149
144,3-18,4,158,219
144,3-18,5,158,219
144,3-18,6,158,219
144,3-18,7,158,219
144,3-18,8,158,219
144,3-18,9,158,219
144,3-18,10,158,219
144,3-18,11,158,219
144,3-18,12,158,296
144,3-18,13,158,296
144,3-18,14,158,296
144,3-18,15,158,296
144,3-18,16,158,296
144,3-18,17,158,296
144,3-18,18,158,296
144,3-18,19,158,296
144,3-18,20,158,296
144,3-18,21,158,296
144,3-18,22,158,296
144,3-18,23,158,296
144,3-18,24,158,296
144,3-18,25,158,296

145,6-19,1,88,176
145,6-19,2,88,176
145,6-19,3,88,176
145,6-19,4,88,176
145,6-19,5,88,176
145,6-19,6,88,176
145,6-19,7,160,248
145,6-19,8,160,248
145,6-19,9,160,248
145,6-19,10,160,248
145,6-19,11,160,248
145,6-19,12,160,248
145,6-19,13,160,248
145,6-19,14,160,248
145,6-19,15,160,248
145,6-19,16,160,248
145,6-19,17,160,293
145,6-19,18,160,293
145,6-19,19,160,293
145,6-19,20,160,293
145,6-19,21,160,293
145,6-19,22,160,293
145,6-19,23,160,293
145,6-19,24,160,293
145,6-19,25,160,293

146,7-9,1,88,88
146,7-9,2,88,102
146,7-9,3,88,102
146,7-9,4,88,102
146,7-9,5,88,130
146,7-9,6,88,130
146,7-9,7,88,202
146,7-9,8,88,202
146,7-9,9,88,202
146,7-9,10,88,202
146,7-9,11,88,202
146,7-9,12,88,202
146,7-9,13,88,202
146,7-9,14,88,202
146,7-9,15,88,202
146,7-9,16,88,202
146,7-9,17,88,202
146,7-9,18,88,202
146,7-9,19,88,202
146,7-9,20,88,202
146,7-9,21,88,288
146,7-9,22,88,288
146,7-9,23,88,288
146,7-9,24,88,288
146,7-9,25,88,288

147,1-13,1,88,176
147,1-13,2,88,176
147,1-13,3,88,176
147,1-13,4,88,176
147,1-13,5,88,176
147,1-13,6,88,176
147,1-13,7,88,176
147,1-13,8,88,176
147,1-13,9,188,276
147,1-13,10,188,287
147,1-13,11,188,287
147,1-13,12,188,287
147,1-13,13,188,287
147,1-13,14,188,287
147,1-13,15,188,287
147,1-13,16,188,287
147,1-13,17,188,287
147,1-13,18,188,287
147,1-13,19,188,287
147,1-13,20,188,287
147,1-13,21,188,287
147,1-13,22,188,287
147,1-13,23,188,287
147,1-13,24,188,287
147,1-13,25,188,287

148,11-18,1,88,88
148,11-18,2,88,88
148,11-18,3,88,88
148,11-18,4,88,158
148,11-18,5,88,158
148,11-18,6,88,240
148,11-18,7,88,240
148,11-18,8,88,240
148,11-18,9,88,240
148,11-18,10,99,251
148,11-18,11,99,251
148,11-18,12,99,251
148,11-18,13,99,251
148,11-18,14,99,251
148,11-18,15,99,251
148,11-18,16,99,251
148,11-18,17,99,251
148,11-18,18,99,251
148,11-18,19,99,251
148,11-18,20,99,287
148,11-18,21,99,287
148,11-18,22,99,287
148,11-18,23,99,287
148,11-18,24,99,287
148,11-18,25,99,287

149,2-17,1,88,88
149,2-17,2,88,88
149,2-17,3,88,88
149,2-17,4,88,88
149,2-17,5,88,116
149,2-17,6,88,116
149,2-17,7,88,188
149,2-17,8,88,188
149,2-17,9,88,188
149,2-17,10,88,188
149,2-17,11,88,188
149,2-17,12,88,188
149,2-17,13,88,285
149,2-17,14,88,285
149,2-17,15,88,285
149,2-17,16,88,285
149,2-17,17,88,285
149,2-17,18,88,285
149,2-17,19,88,285
149,2-17,20,88,285
149,2-17,21,88,285
149,2-17,22,88,285
149,2-17,23,88,285
149,2-17,24,88,285
149,2-17,25,88,285

150,3-4,1,88,88
150,3-4,2,88,88
150,3-4,3,88,88
150,3-4,4,88,88
150,3-4,5,88,116
150,3-4,6,88,116
150,3-4,7,88,116
150,3-4,8,88,116
150,3-4,9,88,116
150,3-4,10,88,116
150,3-4,11,88,116
150,3-4,12,88,193
150,3-4,13,88,193
150,3-4,14,88,193
150,3-4,15,88,193
150,3-4,16,88,284
150,3-4,17,88,284
150,3-4,18,88,284
150,3-4,19,88,284
150,3-4,20,88,284
150,3-4,21,88,284
150,3-4,22,88,284
150,3-4,23,88,284
150,3-4,24,88,284
150,3-4,25,88,284

151,2-10,1,88,88
151,2-10,2,88,88
151,2-10,3,88,88
151,2-10,4,88,88
151,2-10,5,88,88
151,2-10,6,88,88
151,2-10,7,88,88
151,2-10,8,88,88
151,2-10,9,88,88
151,2-10,10,88,99
151,2-10,11,88,192
151,2-10,12,88,192
151,2-10,13,88,192
151,2-10,14,88,192
151,2-10,15,88,192
151,2-10,16,88,283
151,2-10,17,88,283
151,2-10,18,88,283
151,2-10,19,88,283
151,2-10,20,88,283
151,2-10,21,88,283
151,2-10,22,88,283
151,2-10,23,88,283
151,2-10,24,88,283
151,2-10,25,88,283

152,7-12,1,88,88
152,7-12,2,88,88
152,7-12,3,88,88
152,7-12,4,88,88
152,7-12,5,88,88
152,7-12,6,88,88
152,7-12,7,88,88
152,7-12,8,88,88
152,7-12,9,88,88
152,7-12,10,88,88
152,7-12,11,88,181
152,7-12,12,88,181
152,7-12,13,88,181
152,7-12,14,88,181
152,7-12,15,88,181
152,7-12,16,88,181
152,7-12,17,88,181
152,7-12,18,88,181
152,7-12,19,188,281
152,7-12,20,188,281
152,7-12,21,188,281
152,7-12,22,188,281
152,7-12,23,188,281
152,7-12,24,188,281
152,7-12,25,188,281

153,9-14,1,88,88
153,9-14,2,88,102
153,9-14,3,88,163
153,9-14,4,88,163
153,9-14,5,88,163
153,9-14,6,88,163
153,9-14,7,88,163
153,9-14,8,88,163
153,9-14,9,88,163
153,9-14,10,88,163
153,9-14,11,88,163
153,9-14,12,88,163
153,9-14,13,88,163
153,9-14,14,88,163
153,9-14,15,88,163
153,9-14,16,88,163
153,9-14,17,88,163
153,9-14,18,102,177
153,9-14,19,202,277
153,9-14,20,202,277
153,9-14,21,202,277
153,9-14,22,202,277
153,9-14,23,202,277
153,9-14,24,202,277
153,9-14,25,202,277

154,4-15,1,176,176
154,4-15,2,176,176
154,4-15,3,176,176
154,4-15,4,176,246
154,4-15,5,176,274
154,4-15,6,176,274
154,4-15,7,176,274
154,4-15,8,176,274
154,4-15,9,176,274
154,4-15,10,176,274
154,4-15,11,176,274
154,4-15,12,176,274
154,4-15,13,176,274
154,4-15,14,176,274
154,4-15,15,176,274
154,4-15,16,176,274
154,4-15,17,176,274
154,4-15,18,176,274
154,4-15,19,176,274
154,4-15,20,176,274
154,4-15,21,176,274
154,4-15,22,176,274
154,4-15,23,176,274
154,4-15,24,176,274
154,4-15,25,176,274

155,8-9,1,88,88
155,8-9,2,88,88
155,8-9,3,88,149
155,8-9,4,88,149
155,8-9,5,88,177
155,8-9,6,88,177
155,8-9,7,88,177
155,8-9,8,88,177
155,8-9,9,88,177
155,8-9,10,88,177
155,8-9,11,88,177
155,8-9,12,88,254
155,8-9,13,88,254
155,8-9,14,88,254
155,8-9,15,88,254
155,8-9,16,88,254
155,8-9,17,88,254
155,8-9,18,88,254
155,8-9,19,88,254
155,8-9,20,88,254
155,8-9,21,88,254
155,8-9,22,88,254
155,8-9,23,88,254
155,8-9,24,88,272
155,8-9,25,88,272

156,15-17,1,88,88
156,15-17,2,88,88
156,15-17,3,88,88
156,15-17,4,88,158
156,15-17,5,88,158
156,15-17,6,88,158
156,15-17,7,88,230
156,15-17,8,88,230
156,15-17,9,88,230
156,15-17,10,88,230
156,15-17,11,88,230
156,15-17,12,88,230
156,15-17,13,88,230
156,15-17,14,88,230
156,15-17,15,88,230
156,15-17,16,88,230
156,15-17,17,88,230
156,15-17,18,88,230
156,15-17,19,88,230
156,15-17,20,124,266
156,15-17,21,124,266
156,15-17,22,124,266
156,15-17,23,124,266
156,15-17,24,124,266
156,15-17,25,124,266

157,6-8,1,88,88
157,6-8,2,88,102
157,6-8,3,88,102
157,6-8,4,88,102
157,6-8,5,88,102
157,6-8,6,88,102
157,6-8,7,88,102
157,6-8,8,88,102
157,6-8,9,88,102
157,6-8,10,88,113
157,6-8,11,88,113
157,6-8,12,88,113
157,6-8,13,88,113
157,6-8,14,88,113
157,6-8,15,88,113
157,6-8,16,88,113
157,6-8,17,133,158
157,6-8,18,133,158
157,6-8,19,133,158
157,6-8,20,133,194
157,6-8,21,133,194
157,6-8,22,199,260
157,6-8,23,199,260
157,6-8,24,199,260
157,6-8,25,199,260

158,0-9,1,88,88
158,0-9,2,88,88
158,0-9,3,88,88
158,0-9,4,88,158
158,0-9,5,88,158
158,0-9,6,88,158
158,0-9,7,88,158
158,0-9,8,88,158
158,0-9,9,88,158
158,0-9,10,88,158
158,0-9,11,88,158
158,0-9,12,88,158
158,0-9,13,88,158
158,0-9,14,88,158
158,0-9,15,88,158
158,0-9,16,88,158
158,0-9,17,88,158
158,0-9,18,88,158
158,0-9,19,88,258
158,0-9,20,88,258
158,0-9,21,88,258
158,0-9,22,88,258
158,0-9,23,88,258
158,0-9,24,88,258
158,0-9,25,88,258

159,4-11,1,88,88
159,4-11,2,88,88
159,4-11,3,88,149
159,4-11,4,88,149
159,4-11,5,88,149
159,4-11,6,88,149
159,4-11,7,88,149
159,4-11,8,152,213
159,4-11,9,152,213
159,4-11,10,152,213
159,4-11,11,152,213
159,4-11,12,152,213
159,4-11,13,152,213
159,4-11,14,152,213
159,4-11,15,152,213
159,4-11,16,152,213
159,4-11,17,152,258
159,4-11,18,152,258
159,4-11,19,152,258
159,4-11,20,152,258
159,4-11,21,152,258
159,4-11,22,152,258
159,4-11,23,152,258
159,4-11,24,152,258
159,4-11,25,152,258

160,0-2,1,88,88
160,0-2,2,88,88
160,0-2,3,88,88
160,0-2,4,88,88
160,0-2,5,88,88
160,0-2,6,170,170
160,0-2,7,170,170
160,0-2,8,170,170
160,0-2,9,170,170
160,0-2,10,170,170
160,0-2,11,170,170
160,0-2,12,170,170
160,0-2,13,170,170
160,0-2,14,170,170
160,0-2,15,170,170
160,0-2,16,170,170
160,0-2,17,170,170
160,0-2,18,170,170
160,0-2,19,170,170
160,0-2,20,170,170
160,0-2,21,170,256
160,0-2,22,170,256
160,0-2,23,170,256
160,0-2,24,170,256
160,0-2,25,170,256

161,0-16,1,88,88
161,0-16,2,88,88
161,0-16,3,88,88
161,0-16,4,88,88
161,0-16,5,88,88
161,0-16,6,88,170
161,0-16,7,88,170
161,0-16,8,152,234
161,0-16,9,152,234
161,0-16,10,152,234
161,0-16,11,152,234
161,0-16,12,152,234
161,0-16,13,152,234
161,0-16,14,152,234
161,0-16,15,152,234
161,0-16,16,152,234
161,0-16,17,152,234
161,0-16,18,166,248
161,0-16,19,166,248
161,0-16,20,166,248
161,0-16,21,166,248
161,0-16,22,166,248
161,0-16,23,166,248
161,0-16,24,166,248
161,0-16,25,166,248

162,10-18,1,88,88
162,10-18,2,88,88
162,10-18,3,88,88
162,10-18,4,88,88
162,10-18,5,88,88
162,10-18,6,88,88
162,10-18,7,88,88
162,10-18,8,88,88
162,10-18,9,88,88
162,10-18,10,88,99
162,10-18,11,88,99
162,10-18,12,88,99
162,10-18,13,88,99
162,10-18,14,88,134
162,10-18,15,88,134
162,10-18,16,88,134
162,10-18,17,88,134
162,10-18,18,88,134
162,10-18,19,88,134
162,10-18,20,88,170
162,10-18,21,88,170
162,10-18,22,88,170
162,10-18,23,88,170
162,10-18,24,88,188
162,10-18,25,146,246

163,5-10,1,88,88
163,5-10,2,88,88
163,5-10,3,88,149
163,5-10,4,88,149
163,5-10,5,88,149
163,5-10,6,88,231
163,5-10,7,88,231
163,5-10,8,88,231
163,5-10,9,88,231
163,5-10,10,99,242
163,5-10,11,99,242
163,5-10,12,99,242
163,5-10,13,99,242
163,5-10,14,99,242
163,5-10,15,99,242
163,5-10,16,99,242
163,5-10,17,99,242
163,5-10,18,99,242
163,5-10,19,99,242
163,5-10,20,99,242
163,5-10,21,99,242
163,5-10,22,99,242
163,5-10,23,99,242
163,5-10,24,99,242
163,5-10,25,99,242

164,13-16,1,88,88
164,13-16,2,88,88
164,13-16,3,88,88
164,13-16,4,88,88
164,13-16,5,116,116
164,13-16,6,116,116
164,13-16,7,116,116
164,13-16,8,116,116
164,13-16,9,116,116
164,13-16,10,116,116
164,13-16,11,116,116
164,13-16,12,116,116
164,13-16,13,116,116
164,13-16,14,116,116
164,13-16,15,116,116
164,13-16,16,116,116
164,13-16,17,116,116
164,13-16,18,116,116
164,13-16,19,116,116
164,13-16,20,116,116
164,13-16,21,116,116
164,13-16,22,182,182
164,13-16,23,182,182
164,13-16,24,182,182
164,13-16,25,182,240

165,6-12,1,88,176
165,6-12,2,88,176
165,6-12,3,88,176
165,6-12,4,88,176
165,6-12,5,116,204
165,6-12,6,116,204
165,6-12,7,116,204
165,6-12,8,116,204
165,6-12,9,116,204
165,6-12,10,116,204
165,6-12,11,116,204
165,6-12,12,116,204
165,6-12,13,116,204
165,6-12,14,151,239
165,6-12,15,151,239
165,6-12,16,151,239
165,6-12,17,151,239
165,6-12,18,151,239
165,6-12,19,151,239
165,6-12,20,151,239
165,6-12,21,151,239
165,6-12,22,151,239
165,6-12,23,151,239
165,6-12,24,151,239
165,6-12,25,151,239

166,2-18,1,88,88
166,2-18,2,88,88
166,2-18,3,88,88
166,2-18,4,88,88
166,2-18,5,88,88
166,2-18,6,88,88
166,2-18,7,88,88
166,2-18,8,88,88
166,2-18,9,88,88
166,2-18,10,88,88
166,2-18,11,88,88
166,2-18,12,88,88
166,2-18,13,88,88
166,2-18,14,88,88
166,2-18,15,88,88
166,2-18,16,88,88
166,2-18,17,88,133
166,2-18,18,88,133
166,2-18,19,188,233
166,2-18,20,188,233
166,2-18,21,188,233
166,2-18,22,188,233
166,2-18,23,188,233
166,2-18,24,188,233
166,2-18,25,188,233

167,15-19,1,88,88
167,15-19,2,88,88
167,15-19,3,88,149
167,15-19,4,88,149
167,15-19,5,88,149
167,15-19,6,88,231
167,15-19,7,88,231
167,15-19,8,88,231
167,15-19,9,88,231
167,15-19,10,88,231
167,15-19,11,88,231
167,15-19,12,88,231
167,15-19,13,88,231
167,15-19,14,88,231
167,15-19,15,88,231
167,15-19,16,88,231
167,15-19,17,88,231
167,15-19,18,88,231
167,15-19,19,88,231
167,15-19,20,88,231
167,15-19,21,88,231
167,15-19,22,88,231
167,15-19,23,88,231
167,15-19,24,88,231
167,15-19,25,88,231

168,3-6,1,88,88
168,3-6,2,88,102
168,3-6,3,88,102
168,3-6,4,88,102
168,3-6,5,88,102
168,3-6,6,88,102
168,3-6,7,88,102
168,3-6,8,88,102
168,3-6,9,88,102
168,3-6,10,88,113
168,3-6,11,88,113
168,3-6,12,88,190
168,3-6,13,88,190
168,3-6,14,88,190
168,3-6,15,88,190
168,3-6,16,88,190
168,3-6,17,88,190
168,3-6,18,88,204
168,3-6,19,88,204
168,3-6,20,88,204
168,3-6,21,88,204
168,3-6,22,88,204
168,3-6,23,88,204
168,3-6,24,88,222
168,3-6,25,88,222

169,0-7,1,88,88
169,0-7,2,88,88
169,0-7,3,88,88
169,0-7,4,88,88
169,0-7,5,88,88
169,0-7,6,88,88
169,0-7,7,88,88
169,0-7,8,88,88
169,0-7,9,188,188
169,0-7,10,188,188
169,0-7,11,188,188
169,0-7,12,188,188
169,0-7,13,188,188
169,0-7,14,188,188
169,0-7,15,188,188
169,0-7,16,188,188
169,0-7,17,188,188
169,0-7,18,188,188
169,0-7,19,188,188
169,0-7,20,188,188
169,0-7,21,188,188
169,0-7,22,188,188
169,0-7,23,188,188
169,0-7,24,206,206
169,0-7,25,206,206

170,1-8,1,88,88
170,1-8,2,88,88
170,1-8,3,88,88
170,1-8,4,88,88
170,1-8,5,88,88
170,1-8,6,88,88
170,1-8,7,88,160
170,1-8,8,88,160
170,1-8,9,88,160
170,1-8,10,88,171
170,1-8,11,88,171
170,1-8,12,88,171
170,1-8,13,88,171
170,1-8,14,123,206
170,1-8,15,123,206
170,1-8,16,123,206
170,1-8,17,123,206
170,1-8,18,123,206
170,1-8,19,123,206
170,1-8,20,123,206
170,1-8,21,123,206
170,1-8,22,123,206
170,1-8,23,123,206
170,1-8,24,123,206
170,1-8,25,123,206

171,12-13,1,88,88
171,12-13,2,88,88
171,12-13,3,88,88
171,12-13,4,88,88
171,12-13,5,88,88
171,12-13,6,88,88
171,12-13,7,160,160
171,12-13,8,160,160
171,12-13,9,160,160
171,12-13,10,171,171
171,12-13,11,171,171
171,12-13,12,171,171
171,12-13,13,171,171
171,12-13,14,171,206
171,12-13,15,171,206
171,12-13,16,171,206
171,12-13,17,171,206
171,12-13,18,171,206
171,12-13,19,171,206
171,12-13,20,171,206
171,12-13,21,171,206
171,12-13,22,171,206
171,12-13,23,171,206
171,12-13,24,171,206
171,12-13,25,171,206

172,4-14,1,88,88
172,4-14,2,88,88
172,4-14,3,88,88
172,4-14,4,88,88
172,4-14,5,88,88
172,4-14,6,88,88
172,4-14,7,88,88
172,4-14,8,88,88
172,4-14,9,88,88
172,4-14,10,88,88
172,4-14,11,88,88
172,4-14,12,88,88
172,4-14,13,88,88
172,4-14,14,88,88
172,4-14,15,88,88
172,4-14,16,88,88
172,4-14,17,88,133
172,4-14,18,88,133
172,4-14,19,88,133
172,4-14,20,88,133
172,4-14,21,88,133
172,4-14,22,154,199
172,4-14,23,154,199
172,4-14,24,154,199
172,4-14,25,154,199

173,4-16,1,88,88
173,4-16,2,88,88
173,4-16,3,88,88
173,4-16,4,88,88
173,4-16,5,88,88
173,4-16,6,88,88
173,4-16,7,88,88
173,4-16,8,88,88
173,4-16,9,88,188
173,4-16,10,99,199
173,4-16,11,99,199
173,4-16,12,99,199
173,4-16,13,99,199
173,4-16,14,99,199
173,4-16,15,99,199
173,4-16,16,99,199
173,4-16,17,99,199
173,4-16,18,99,199
173,4-16,19,99,199
173,4-16,20,99,199
173,4-16,21,99,199
173,4-16,22,99,199
173,4-16,23,99,199
173,4-16,24,99,199
173,4-16,25,99,199

174,4-17,1,88,88
174,4-17,2,88,88
174,4-17,3,88,88
174,4-17,4,88,88
174,4-17,5,88,88
174,4-17,6,88,88
174,4-17,7,88,88
174,4-17,8,88,88
174,4-17,9,88,88
174,4-17,10,88,99
174,4-17,11,88,99
174,4-17,12,88,99
174,4-17,13,88,99
174,4-17,14,88,99
174,4-17,15,88,99
174,4-17,16,88,99
174,4-17,17,88,99
174,4-17,18,88,99
174,4-17,19,188,199
174,4-17,20,188,199
174,4-17,21,188,199
174,4-17,22,188,199
174,4-17,23,188,199
174,4-17,24,188,199
174,4-17,25,188,199

175,11-12,1,88,88
175,11-12,2,88,88
175,11-12,3,88,88
175,11-12,4,88,88
175,11-12,5,88,88
175,11-12,6,88,88
175,11-12,7,88,88
175,11-12,8,88,152
175,11-12,9,88,152
175,11-12,10,88,152
175,11-12,11,88,152
175,11-12,12,88,152
175,11-12,13,88,152
175,11-12,14,88,152
175,11-12,15,88,152
175,11-12,16,88,152
175,11-12,17,133,197
175,11-12,18,133,197
175,11-12,19,133,197
175,11-12,20,133,197
175,11-12,21,133,197
175,11-12,22,133,197
175,11-12,23,133,197
175,11-12,24,133,197
175,11-12,25,133,197

176,1-4,1,88,88
176,1-4,2,88,102
176,1-4,3,88,102
176,1-4,4,88,102
176,1-4,5,88,102
176,1-4,6,88,102
176,1-4,7,88,102
176,1-4,8,88,102
176,1-4,9,88,102
176,1-4,10,88,102
176,1-4,11,181,195
176,1-4,12,181,195
176,1-4,13,181,195
176,1-4,14,181,195
176,1-4,15,181,195
176,1-4,16,181,195
176,1-4,17,181,195
176,1-4,18,181,195
176,1-4,19,181,195
176,1-4,20,181,195
176,1-4,21,181,195
176,1-4,22,181,195
176,1-4,23,181,195
176,1-4,24,181,195
176,1-4,25,181,195

177,4-18,1,88,88
177,4-18,2,88,88
177,4-18,3,88,88
177,4-18,4,88,88
177,4-18,5,88,88
177,4-18,6,88,88
177,4-18,7,88,88
177,4-18,8,88,88
177,4-18,9,88,88
177,4-18,10,88,88
177,4-18,11,88,88
177,4-18,12,88,88
177,4-18,13,88,88
177,4-18,14,88,88
177,4-18,15,88,88
177,4-18,16,88,88
177,4-18,17,88,88
177,4-18,18,88,88
177,4-18,19,88,188
177,4-18,20,88,188
177,4-18,21,88,188
177,4-18,22,88,188
177,4-18,23,88,188
177,4-18,24,88,188
177,4-18,25,88,188

178,1-12,1,88,88
178,1-12,2,88,88
178,1-12,3,88,88
178,1-12,4,88,88
178,1-12,5,88,88
178,1-12,6,88,88
178,1-12,7,88,88
178,1-12,8,88,88
178,1-12,9,88,88
178,1-12,10,88,88
178,1-12,11,88,88
178,1-12,12,88,88
178,1-12,13,88,88
178,1-12,14,88,88
178,1-12,15,184,184
178,1-12,16,184,184
178,1-12,17,184,184
178,1-12,18,184,184
178,1-12,19,184,184
178,1-12,20,184,184
178,1-12,21,184,184
178,1-12,22,184,184
178,1-12,23,184,184
178,1-12,24,184,184
178,1-12,25,184,184

179,5-13,1,88,88
179,5-13,2,88,88
179,5-13,3,88,88
179,5-13,4,88,88
179,5-13,5,88,88
179,5-13,6,88,88
179,5-13,7,88,88
179,5-13,8,88,88
179,5-13,9,88,88
179,5-13,10,88,88
179,5-13,11,88,88
179,5-13,12,88,88
179,5-13,13,88,88
179,5-13,14,88,88
179,5-13,15,88,184
179,5-13,16,88,184
179,5-13,17,88,184
179,5-13,18,88,184
179,5-13,19,88,184
179,5-13,20,88,184
179,5-13,21,88,184
179,5-13,22,88,184
179,5-13,23,88,184
179,5-13,24,88,184
179,5-13,25,88,184

180,9-11,1,88,88
180,9-11,2,88,88
180,9-11,3,88,88
180,9-11,4,88,88
180,9-11,5,88,88
180,9-11,6,88,88
180,9-11,7,88,88
180,9-11,8,88,88
180,9-11,9,88,88
180,9-11,10,88,88
180,9-11,11,88,88
180,9-11,12,88,88
180,9-11,13,88,88
180,9-11,14,88,88
180,9-11,15,184,184
180,9-11,16,184,184
180,9-11,17,184,184
180,9-11,18,184,184
180,9-11,19,184,184
180,9-11,20,184,184
180,9-11,21,184,184
180,9-11,22,184,184
180,9-11,23,184,184
180,9-11,24,184,184
180,9-11,25,184,184

181,11-15,1,88,88
181,11-15,2,88,88
181,11-15,3,88,88
181,11-15,4,88,88
181,11-15,5,88,88
181,11-15,6,88,88
181,11-15,7,88,88
181,11-15,8,88,88
181,11-15,9,88,88
181,11-15,10,88,88
181,11-15,11,88,88
181,11-15,12,88,88
181,11-15,13,88,88
181,11-15,14,88,88
181,11-15,15,88,88
181,11-15,16,88,88
181,11-15,17,88,88
181,11-15,18,88,88
181,11-15,19,88,88
181,11-15,20,88,88
181,11-15,21,88,88
181,11-15,22,88,88
181,11-15,23,88,182
181,11-15,24,88,182
181,11-15,25,88,182

182,8-10,1,88,88
182,8-10,2,102,102
182,8-10,3,102,102
182,8-10,4,102,102
182,8-10,5,102,102
182,8-10,6,102,102
182,8-10,7,102,102
182,8-10,8,102,102
182,8-10,9,102,102
182,8-10,10,102,102
182,8-10,11,102,102
182,8-10,12,102,102
182,8-10,13,102,102
182,8-10,14,102,137
182,8-10,15,102,137
182,8-10,16,102,137
182,8-10,17,102,137
182,8-10,18,102,137
182,8-10,19,102,137
182,8-10,20,102,173
182,8-10,21,102,173
182,8-10,22,102,173
182,8-10,23,102,173
182,8-10,24,102,173
182,8-10,25,102,173

183,14-19,1,88,88
183,14-19,2,102,102
183,14-19,3,102,102
183,14-19,4,102,102
183,14-19,5,102,102
183,14-19,6,102,102
183,14-19,7,102,102
183,14-19,8,102,102
183,14-19,9,102,102
183,14-19,10,102,102
183,14-19,11,102,102
183,14-19,12,102,102
183,14-19,13,102,102
183,14-19,14,102,102
183,14-19,15,102,102
183,14-19,16,102,102
183,14-19,17,102,102
183,14-19,18,102,116
183,14-19,19,102,116
183,14-19,20,102,152
183,14-19,21,102,152
183,14-19,22,102,152
183,14-19,23,102,152
183,14-19,24,102,170
183,14-19,25,102,170

184,2-7,1,88,88
184,2-7,2,88,88
184,2-7,3,88,88
184,2-7,4,88,88
184,2-7,5,88,88
184,2-7,6,88,88
184,2-7,7,88,88
184,2-7,8,88,88
184,2-7,9,88,88
184,2-7,10,88,88
184,2-7,11,88,88
184,2-7,12,88,88
184,2-7,13,88,88
184,2-7,14,88,88
184,2-7,15,88,88
184,2-7,16,88,88
184,2-7,17,88,88
184,2-7,18,102,102
184,2-7,19,102,102
184,2-7,20,102,102
184,2-7,21,102,102
184,2-7,22,102,168
184,2-7,23,102,168
184,2-7,24,102,168
184,2-7,25,102,168

185,6-11,1,88,88
185,6-11,2,88,88
185,6-11,3,88,88
185,6-11,4,88,88
185,6-11,5,88,88
185,6-11,6,88,88
185,6-11,7,88,88
185,6-11,8,88,88
185,6-11,9,88,88
185,6-11,10,88,88
185,6-11,11,88,88
185,6-11,12,165,165
185,6-11,13,165,165
185,6-11,14,165,165
185,6-11,15,165,165
185,6-11,16,165,165
185,6-11,17,165,165
185,6-11,18,165,165
185,6-11,19,165,165
185,6-11,20,165,165
185,6-11,21,165,165
185,6-11,22,165,165
185,6-11,23,165,165
185,6-11,24,165,165
185,6-11,25,165,165

186,7-10,1,88,88
186,7-10,2,88,88
186,7-10,3,88,88
186,7-10,4,88,88
186,7-10,5,88,88
186,7-10,6,88,88
186,7-10,7,160,160
186,7-10,8,160,160
186,7-10,9,160,160
186,7-10,10,160,160
186,7-10,11,160,160
186,7-10,12,160,160
186,7-10,13,160,160
186,7-10,14,160,160
186,7-10,15,160,160
186,7-10,16,160,160
186,7-10,17,160,160
186,7-10,18,160,160
186,7-10,19,160,160
186,7-10,20,160,160
186,7-10,21,160,160
186,7-10,22,160,160
186,7-10,23,160,160
186,7-10,24,160,160
186,7-10,25,160,160

187,5-18,1,88,88
187,5-18,2,88,88
187,5-18,3,88,88
187,5-18,4,88,88
187,5-18,5,88,88
187,5-18,6,88,88
187,5-18,7,88,88
187,5-18,8,152,152
187,5-18,9,152,152
187,5-18,10,152,152
187,5-18,11,152,152
187,5-18,12,152,152
187,5-18,13,152,152
187,5-18,14,152,152
187,5-18,15,152,152
187,5-18,16,152,152
187,5-18,17,152,152
187,5-18,18,152,152
187,5-18,19,152,152
187,5-18,20,152,152
187,5-18,21,152,152
187,5-18,22,152,152
187,5-18,23,152,152
187,5-18,24,152,152
187,5-18,25,152,152

188,14-16,1,88,88
188,14-16,2,88,88
188,14-16,3,88,88
188,14-16,4,88,88
188,14-16,5,88,88
188,14-16,6,88,88
188,14-16,7,88,88
188,14-16,8,88,88
188,14-16,9,88,88
188,14-16,10,88,88
188,14-16,11,88,88
188,14-16,12,88,88
188,14-16,13,88,88
188,14-16,14,88,88
188,14-16,15,88,88
188,14-16,16,88,88
188,14-16,17,88,133
188,14-16,18,88,133
188,14-16,19,88,133
188,14-16,20,88,133
188,14-16,21,88,133
188,14-16,22,88,133
188,14-16,23,88,133
188,14-16,24,106,151
188,14-16,25,106,151

189,0-6,1,88,88
189,0-6,2,102,102
189,0-6,3,102,102
189,0-6,4,102,102
189,0-6,5,102,102
189,0-6,6,102,102
189,0-6,7,102,102
189,0-6,8,102,102
189,0-6,9,102,102
189,0-6,10,113,113
189,0-6,11,113,113
189,0-6,12,113,113
189,0-6,13,113,113
189,0-6,14,113,148
189,0-6,15,113,148
189,0-6,16,113,148
189,0-6,17,113,148
189,0-6,18,113,148
189,0-6,19,113,148
189,0-6,20,113,148
189,0-6,21,113,148
189,0-6,22,113,148
189,0-6,23,113,148
189,0-6,24,113,148
189,0-6,25,113,148

